ticker,options_volume,options_volume_call,options_volume_put,volume_put_call_ratio,open_interest,open_interest_call,open_interest_put,open_interest_put_call_ratio,iv_rank,implied_volatility_30d,,,,
NVDA,1967114,1228819,738295,0.600816719,21137441,10847096,10290345,0.948672806,30.32519918,50.53142857,,ERR,ERR,ERR
TSLA,1603459,1033233,570226,0.551885199,8076439,4197531,3878908,0.924092758,28.20611726,59.87857143,,,,
AAPL,804277,459149,345128,0.751668848,4791495,2691927,2099568,0.779949828,23.15080816,27.36714286,,,,
UNH,723435,494340,229095,0.463436097,1106830,730282,376548,0.515619993,72.1875,58.56,,ERR,ERR,ERR
IBIT,571710,412977,158733,0.38436281,2805009,1972865,832144,0.4217947,6.260104766,44.03285714,,,,
PLTR,490885,281350,209535,0.744748534,3230709,1732646,1498063,0.864609966,27.52608375,56.85142857,,,,
AMZN,421738,274526,147212,0.536240648,3957845,2182456,1775389,0.81348215,15.35688536,28.69,,,,
MSTR,373134,222092,151042,0.680087531,2205429,1142971,1062458,0.929558143,0.372848778,65.41428571,,,,
SMCI,370021,271379,98642,0.363484278,2571236,1540436,1030800,0.669161199,13.75718261,83.25285714,,,,
AMD,335857,203443,132414,0.650865353,3691628,2089240,1602388,0.766971722,17.98284531,43.80428571,,,,
MSFT,292033,173036,118997,0.687700825,2125293,1232365,892928,0.724564557,8.550358196,19.23857143,,,,
GOOGL,273083,205341,67742,0.32990002,3315955,2024768,1291187,0.637696269,24.22123825,29.58857143,,,,
HOOD,261278,164781,96497,0.585607564,1753413,1116375,637038,0.570630836,25.10204082,64.04857143,,,,
META,242426,153020,89406,0.584276565,2018808,1172179,846629,0.72226938,12.43822349,30.58714286,,,,
CRWV,236300,175762,60538,0.344431675,255880,121091,134789,1.113121537,34.21402555,124.1728571,,ERR,ERR,ERR
QBTS,235686,178630,57056,0.319408834,532926,354490,178436,0.503359756,19.48733195,130.1457143,,,,
MRNA,213378,169033,44345,0.262345223,821185,477132,344053,0.72108557,47.41161184,71.59285714,,ERR,ERR,ERR
RUN,210532,188807,21725,0.11506459,826124,543935,282189,0.518791767,45.21307722,91.05714286,,ERR,ERR,ERR
INTC,207505,134456,73049,0.543292973,5125574,3147465,1978109,0.628476885,14.92739464,39.95428571,,,,
RIVN,203074,132897,70177,0.528055562,2511205,1221725,1289480,1.055458471,6.291602663,58.38857143,,,,
MARA,200186,150674,49512,0.328603475,1801531,1123625,677906,0.603320503,4.067021237,78.15714286,,,,
ACHR,197515,95431,102084,1.069715292,589169,412876,176293,0.426987764,50.803379,97.93285714,,ERR,ERR,ERR
WOLF,188390,38476,149914,3.896298992,1385345,503085,882260,1.753699673,100.7393884,265.7142857,,ERR,ERR,ERR
F,183379,72996,110383,1.51217875,2554032,1232003,1322029,1.073072874,10.63065601,28.37285714,,,,
SOFI,179564,107808,71756,0.66559068,2978731,1823930,1154801,0.633138881,18.06762537,54.73571429,,,,
GME,170522,133749,36773,0.274940373,1177409,861931,315478,0.366013057,6.458575715,74.91142857,,,,
BAC,161686,70075,91611,1.307327863,2826527,1276482,1550045,1.214310112,12.40364401,23.66,,,,
NVAX,153009,111591,41418,0.371158964,288341,171505,116836,0.681239614,58.22179582,106.9228571,,ERR,ERR,ERR
COIN,147312,94802,52510,0.553891268,1100312,678725,421587,0.62114553,21.20091064,64.71428571,,,,
NU,141202,80761,60441,0.748393408,1479218,996749,482469,0.484042623,8.831453634,33.79714286,,,,
BABA,140420,103118,37302,0.361740918,2168724,1456151,712573,0.489353783,22.97142857,38.64571429,,,,
GOOG,137816,105584,32232,0.305273526,1410288,853569,556719,0.652224952,24.38183087,29.45714286,,,,
FUBO,136127,127816,8311,0.065023158,422178,318248,103930,0.326569216,8.627148429,81.47714286,,,,
FSLR,131034,67798,63236,0.932711879,590274,348418,241856,0.694154722,63.0050064,68.09285714,,ERR,ERR,ERR
RIOT,126575,102191,24384,0.238612011,1191853,833371,358482,0.430158957,13.96880037,81.96428571,,,,
HIMS,125906,66824,59082,0.884143422,665816,319381,346435,1.084707606,56.92300597,104.9328571,,ERR,ERR,ERR
WMT,123828,61723,62105,1.006188941,1661783,672238,989545,1.472015863,29.71907724,23.62714286,,,,
PFE,121081,74868,46213,0.61725971,3041051,1636850,1404201,0.857867856,21.45872824,26.12571429,,,,
TGT,119643,43393,76250,1.757195861,630674,345719,284955,0.82423876,79.38943423,55.20142857,,ERR,ERR,ERR
QUBT,116209,87039,29170,0.335137122,284095,185325,98770,0.532955619,13.43697616,133.4814286,,,,
RDDT,110317,58430,51887,0.888019853,418077,257036,161041,0.626530914,24.63560461,69.08571429,,,,
AVGO,107176,63861,43315,0.678269993,1970180,1026894,943286,0.918581665,39.67191408,50.66857143,,ERR,ERR,ERR
UBER,96657,60662,35995,0.59336982,1535044,813241,721803,0.887563465,15.60266207,35.53,,,,
ZIM,94171,69501,24670,0.354958921,397886,222622,175264,0.787271698,24.66214402,65.11285714,,,,
SOUN,94082,70247,23835,0.339302746,623985,422505,201480,0.476870096,25.82252322,91.39857143,,,,
RGTI,93975,72100,21875,0.303398058,582161,336837,245324,0.728316664,6.720371109,110.2214286,,,,
ASTS,91762,56940,34822,0.611556024,555135,375591,179544,0.478030624,7.389451624,85.67571429,,,,
AMC,90748,79570,11178,0.14048008,1186917,1036476,150441,0.145146631,17.25251479,81.29428571,,,,
WULF,88824,73278,15546,0.212150987,739463,549200,190263,0.346436635,4.690389879,93.83142857,,,,
IREN,88352,64874,23478,0.361901532,1126588,671854,454734,0.67683455,1.885056571,79.06571429,,,,
X,88198,48003,40195,0.837343499,1349438,646155,703283,1.088412223,87.99190523,104.3014286,,ERR,ERR,ERR
OKLO,86830,66399,20431,0.307700417,296545,193893,102652,0.529426024,40.32017766,110.7214286,,ERR,ERR,ERR
MU,84872,45905,38967,0.84886178,1743189,856112,887077,1.036169333,23.06553439,47.42285714,,,,
NFLX,84698,39485,45213,1.145067747,530780,220889,309891,1.402926357,15.94818863,29.27285714,,,,
QS,80819,66321,14498,0.218603459,466728,395472,71256,0.180179633,31.17003237,69.78,,ERR,ERR,ERR
LCID,80200,60563,19637,0.324240873,1795776,854787,940989,1.100846176,14.76755599,69.57142857,,,,
PLUG,77399,73415,3984,0.054266839,1043666,772463,271203,0.351088661,87.49353083,145.5285714,,ERR,ERR,ERR
NIO,76877,52626,24251,0.460817847,3018227,1794451,1223776,0.681977942,9.4591317,65.93714286,,,,
TSM,76702,43967,32735,0.744535674,1794331,743018,1051313,1.414922653,10.6685199,35.71571429,,,,
BA,76568,47326,29242,0.617884461,1131199,576448,554751,0.962360872,0.001,27.48571429,,,,
T,74517,44801,29716,0.663288766,1215225,656126,559099,0.852121391,30.79386981,23.38714286,,ERR,ERR,ERR
NBIS,74055,54612,19443,0.356020655,292645,226530,66115,0.291859798,33.70504117,98.24714286,,ERR,ERR,ERR
HD,73813,34740,39073,1.12472654,199232,102175,97057,0.949909469,30.27744801,26.41714286,,ERR,ERR,ERR
SPCE,73522,41730,31792,0.761849988,219814,112188,107626,0.959336114,31.64561517,152.05,,ERR,ERR,ERR
XOM,68882,33240,35642,1.072262335,969609,574171,395438,0.688711203,17.4746086,22.84857143,,,,
CLSK,68681,45422,23259,0.512064638,1257017,985197,271820,0.27590421,5.375292302,83.09428571,,,,
CVX,66672,24123,42549,1.763835344,607570,318706,288864,0.906365114,18.13032111,23.25714286,,,,
U,66458,54770,11688,0.213401497,598778,431240,167538,0.388502922,22.18955786,63.68,,,,
NKE,65801,47903,17898,0.373630044,1656318,957004,699314,0.730732578,31.14925122,33.72285714,,ERR,ERR,ERR
SOC,64866,51301,13565,0.264419797,145811,120004,25807,0.215051165,24.96077484,69.1054007,,,,
JPM,64495,32599,31896,0.978434921,751343,367887,383456,1.04232006,9.709662066,20.12,,,,
RKLB,63106,48854,14252,0.291726368,703339,457791,245548,0.53637577,25.23233647,71.84285714,,,,
MSTU,61936,42699,19237,0.450525773,628299,454527,173772,0.382313922,1.495212788,127.4714286,,,,
CMG,61681,48540,13141,0.270725175,1059984,500728,559256,1.116885814,26.00755858,30.25857143,,,,
AAL,56044,32658,23386,0.716087942,3189426,1145209,2044217,1.785016534,21.76199427,47.41285714,,,,
MRVL,54290,32082,22208,0.69222617,774493,386339,388154,1.004697947,50.24623346,69.67571429,,ERR,ERR,ERR
FCX,53930,31475,22455,0.713423352,1008505,517650,490855,0.948237226,21.86535438,40.59,,,,
NVO,53284,27292,25992,0.952366994,495813,260219,235594,0.905368171,47.4800504,45.98,,ERR,ERR,ERR
PANW,52147,25744,26403,1.025598198,540704,246991,293713,1.189164787,50.44530532,43.14428571,,ERR,ERR,ERR
ET,51725,41838,9887,0.236316268,1022262,758210,264052,0.348257079,23.68911215,24.02142857,,,,
C,50462,31132,19330,0.620904536,1796114,863285,932829,1.080557406,11.68831169,25.72285714,,,,
APLD,50301,37577,12724,0.338611385,456455,289239,167216,0.578123974,50.96657929,101.7914286,,ERR,ERR,ERR
BULL,50103,37925,12178,0.321107449,267396,194113,73283,0.377527523,0.001,103.3757143,,,,
CSCO,49646,31062,18584,0.598287296,1048736,616058,432678,0.702333222,15.05226481,18.45142857,,,,
JD,49619,33739,15880,0.470671923,1056924,655875,401049,0.611471698,18.18911741,42.17428571,,,,
SCHW,49570,37391,12179,0.325720093,468795,216339,252456,1.16694632,3.486669749,23.21285714,,,,
CVS,49262,41837,7425,0.177474484,653219,365078,288141,0.789258734,28.98985513,31.13857143,,,,
SE,48496,44963,3533,0.078575718,321098,186057,135041,0.725804458,18.26889641,37.64571429,,,,
COST,48217,36267,11950,0.329500648,262057,121612,140445,1.154861362,38.67421536,26.80142857,,ERR,ERR,ERR
JWN,47896,1848,46048,24.91774892,64360,42231,22129,0.523998958,0.001,3.797142857,,,,
DELL,47665,26758,20907,0.781336423,679774,330799,348975,1.054945753,49.77478092,58.00714286,,ERR,ERR,ERR
ARM,47602,31684,15918,0.502398687,809205,469319,339886,0.724211038,14.51935308,51.33,,,,
TEM,46848,33787,13061,0.386568799,284011,196019,87992,0.44889526,24.241132,85.63857143,,,,
VZ,46645,28147,18498,0.657192596,989141,536878,452263,0.842394361,23.05558979,19.59428571,,,,
DIS,46491,25904,20587,0.794742125,928503,511763,416740,0.814322255,12.82718779,22.50857143,,,,
SNAP,46330,31829,14501,0.455590813,980010,678494,301516,0.444390076,11.8986569,50.13714286,,,,
CELH,46280,28899,17381,0.601439496,554627,365833,188794,0.516066074,9.373289546,51.90285714,,,,
SHOP,45928,17755,28173,1.586764292,541555,274589,266966,0.972238509,21.67386185,47.06857143,,,,
BP,45424,34106,11318,0.331847769,610586,379927,230659,0.607113998,29.19225159,29.45285714,,,,
EOSE,44938,42411,2527,0.059583599,752720,621595,131125,0.210949252,11.48339513,83.25714286,,,,
SNOW,43898,26957,16941,0.628445302,490850,268638,222212,0.827180071,52.77973258,59.05285714,,ERR,ERR,ERR
BMY,43638,25528,18110,0.709417111,478332,266982,211350,0.791626402,28.66272377,30.02571429,,,,
MRK,43331,23631,19700,0.833650713,670860,362042,308818,0.852989432,54.19566107,35.89571429,,ERR,ERR,ERR
TMC,43280,30647,12633,0.412210004,171194,105171,66023,0.627768111,22.62920429,119.4278397,,,,
APP,41370,25802,15568,0.60336408,280121,169920,110201,0.648546375,33.6683838,73.05285714,,ERR,ERR,ERR
OXY,40771,19288,21483,1.113801327,980829,558398,422431,0.756505217,23.94442867,33.29285714,,,,
QCOM,39924,29353,10571,0.360133547,528209,257339,270870,1.052580448,15.64611486,32.14,,,,
CVNA,39040,17473,21567,1.234304355,366375,182330,184045,1.009406022,10.86771028,51.29142857,,,,
UPS,38030,12861,25169,1.957001788,383896,232213,151683,0.653206324,16.70257993,26.62428571,,,,
LLY,37871,25161,12710,0.505146854,380590,231912,148678,0.641096623,33.43407246,36.52571429,,ERR,ERR,ERR
SBUX,36492,18439,18053,0.97906611,598638,329377,269261,0.817485738,20.77561482,29.41714286,,,,
CAVA,35942,24369,11573,0.474906644,177663,108030,69633,0.644570953,18.85525622,50.37857143,,,,
KO,35763,21703,14060,0.647836705,660679,383144,277535,0.72436212,30.27402265,16.97857143,,ERR,ERR,ERR
BBAI,34795,25646,9149,0.356741792,541637,424593,117044,0.275661634,32.17755303,118.4514286,,ERR,ERR,ERR
BILI,34552,18782,15770,0.839633692,358335,235147,123188,0.523876554,16.08943446,63.36,,,,
MSTX,33884,24346,9538,0.391768668,134742,87747,46995,0.535573866,21.63237376,138.6085714,,,,
PEP,33055,23403,9652,0.412425757,349085,199363,149722,0.751001941,32.38743852,21.83714286,,ERR,ERR,ERR
XPEV,32999,24329,8670,0.356364832,480025,238046,241979,1.016522017,12.78085314,67.32,,,,
IONQ,32856,22856,10000,0.437521876,394069,206923,187146,0.904423385,37.64981093,91.04857143,,ERR,ERR,ERR
ORCL,32520,23134,9386,0.405723178,615964,339503,276461,0.814310919,61.4151032,47.38142857,,ERR,ERR,ERR
TLRY,32444,31810,634,0.019930839,766966,642960,124006,0.192867363,37.81045807,108.0528571,,ERR,ERR,ERR
MDT,32381,7799,24582,3.151942557,208068,111584,96484,0.864675939,42.01887361,25.15857143,,ERR,ERR,ERR
EPD,31868,30001,1867,0.062231259,245921,194825,51096,0.262266136,36.13398796,18.77714286,,ERR,ERR,ERR
PTON,31814,17163,14651,0.853638641,431712,274074,157638,0.575165831,2.709133274,64.33857143,,,,
AI,31696,22938,8758,0.381811841,363450,279282,84168,0.301372806,69.26025096,80.45142857,,ERR,ERR,ERR
GS,31436,13456,17980,1.336206897,258256,132704,125552,0.946105619,16.13707714,25.61714286,,,,
LYFT,31153,20749,10404,0.501421755,702292,392854,309438,0.787666665,3.113207547,45.9,,,,
GE,31149,20627,10522,0.510108111,270698,162734,107964,0.663438495,11.25458747,27.69142857,,,,
MO,31104,14215,16889,1.18811115,377035,189792,187243,0.986569508,27.77215325,20.49571429,,,,
KVUE,31087,22212,8875,0.399558797,323936,249433,74503,0.298689428,11.98824042,22.88857143,,,,
PYPL,30727,19558,11169,0.571070662,1221805,786687,435118,0.553101805,7.414378278,29.27285714,,,,
UPST,30573,17079,13494,0.790093097,285641,162153,123488,0.761552361,7.842738519,67.90571429,,,,
DLTR,30106,9738,20368,2.091599918,293289,152228,141061,0.92664293,48.06099756,55.59714286,,ERR,ERR,ERR
PDD,30063,14938,15125,1.012518409,1240256,694956,545300,0.784653992,39.82899893,48.37857143,,ERR,ERR,ERR
FL,30031,10354,19677,1.900424957,341119,77086,264033,3.42517448,0.001,21.32714286,,,,
PG,29746,24964,4782,0.19155584,296774,189113,107661,0.569294549,27.61904762,17.49857143,,,,
EH,29661,21582,8079,0.374339728,96240,53978,42262,0.782948609,32.38606547,79.84428571,,ERR,ERR,ERR
CCL,29518,15834,13684,0.864216244,1189722,494884,694838,1.404042159,18.25235544,41.71,,,,
CLF,29433,15738,13695,0.870186809,911807,649184,262623,0.404543242,47.33121867,65.32285714,,ERR,ERR,ERR
BYND,29363,25971,3392,0.130607216,291259,115236,176023,1.527500087,25.18664065,116.9928571,,,,
ETHA,29286,26238,3048,0.116167391,177037,128813,48224,0.374372152,60.62118278,70.41714286,,ERR,ERR,ERR
XYZ,28691,16721,11970,0.715866276,719261,445982,273279,0.612757914,1.830448812,43.51142857,,,,
TTD,28496,20458,8038,0.392902532,546450,337288,209162,0.620128792,17.49979151,43.53857143,,,,
JNJ,28359,16329,12030,0.73672607,427304,248596,178708,0.718869169,27.96825397,18.94285714,,,,
BEKE,27734,21234,6500,0.306112838,493196,315944,177252,0.561023473,6.190302208,40.64285714,,,,
DKNG,27729,17649,10080,0.571137175,586831,364556,222275,0.609714283,11.38944641,41.78428571,,,,
AFRM,27116,19579,7537,0.384953266,448008,272870,175138,0.641836772,3.235226312,59.95571429,,,,
RTX,26941,23577,3364,0.142681427,192007,109761,82246,0.749318975,16.452513,20.11285714,,,,
DAL,26886,13878,13008,0.937310852,792422,434031,358391,0.825726734,24.57747732,43.30857143,,,,
NVDL,26777,18081,8696,0.48094685,232194,162403,69791,0.429739598,23.22074953,92.49714286,,,,
WFC,26209,14704,11505,0.782440152,1286121,621042,665079,1.070908248,17.56280817,26.65,,,,
CCJ,26018,6170,19848,3.216855754,441054,199993,241061,1.205347187,6.41101511,38.73142857,,,,
MCD,25931,18542,7389,0.398500701,193037,87972,105065,1.194300459,16.01112435,17.56,,,,
NEE,25814,6998,18816,2.688768219,595801,371574,224227,0.603451802,23.1551561,27.94285714,,,,
RKT,25651,21321,4330,0.203086159,610041,386825,223216,0.577046468,25.76065325,55.99714286,,,,
NFE,25380,17021,8359,0.49109923,216425,104984,111441,1.06150461,82.44333388,160.2728571,,ERR,ERR,ERR
CRM,25308,16441,8867,0.539322426,475760,265223,210537,0.793811246,62.21995059,43.64857143,,ERR,ERR,ERR
TOST,24652,18843,5809,0.308284243,310746,189145,121601,0.642898306,0.001,35.88428571,,,,
ETSY,24420,19228,5192,0.270022883,258214,175170,83044,0.474076611,22.07057149,41.40857143,,,,
PINS,24221,12502,11719,0.937370021,412626,230628,181998,0.789140954,21.4999334,39.22,,,,
ENPH,23971,12842,11129,0.866609562,324859,161610,163249,1.010141699,30.07000453,64.58857143,,ERR,ERR,ERR
ENVX,23804,20583,3221,0.156488364,445743,360061,85682,0.237965234,15.56437111,91.94571429,,,,
NEM,23614,15526,8088,0.520932629,1005803,634270,371533,0.585764737,17.52833154,32.99428571,,,,
BIDU,23489,15275,8214,0.537741408,411308,272375,138933,0.510079853,38.74324433,44.27285714,,ERR,ERR,ERR
OPEN,23364,23204,160,0.006895363,380985,346300,34685,0.100158822,19.58212965,109.6085714,,,,
UAL,23274,13327,9947,0.74637953,675771,296776,378995,1.277040596,26.54634108,51.12857143,,,,
PONY,23246,11296,11950,1.057896601,54276,29522,24754,0.838493327,1.677919647,163.9871429,,,,
ADBE,23214,12233,10981,0.897653887,289974,141526,148448,1.048909741,73.042658,43.02571429,,ERR,ERR,ERR
B,23047,18181,4866,0.267642044,1359155,879435,479720,0.545486591,53.38345865,31.11714286,,ERR,ERR,ERR
V,23045,12504,10541,0.843010237,298099,167701,130398,0.777562447,10.67280571,18.00142857,,,,
AMAT,22511,14182,8329,0.587293753,358170,190655,167515,0.878628937,19.3458007,36.03714286,,,,
PBR,22293,6716,15577,2.31938654,884563,386331,498232,1.289650585,40.88306903,38.36714286,,ERR,ERR,ERR
BTI,22244,20145,2099,0.104194589,182927,104953,77974,0.742942079,59.37941426,24.34578397,,ERR,ERR,ERR
AR,22136,1070,21066,19.68785047,190438,87386,103052,1.179273568,15.76715601,36.84285714,,,,
EBAY,22047,14252,7795,0.54694078,125446,62732,62714,0.999713065,17.64439616,25.62,,,,
FI,21961,17306,4655,0.268981856,67805,43680,24125,0.552312271,32.30121294,28.14,,ERR,ERR,ERR
WBD,21921,14865,7056,0.474672048,927040,555275,371765,0.669515105,25.36699256,46.96714286,,,,
DG,21792,13151,8641,0.6570603,190922,102611,88311,0.860638723,51.49684874,49.14142857,,ERR,ERR,ERR
DOW,21779,15727,6052,0.384815922,455514,251628,203886,0.810267538,37.33066997,39.08714286,,ERR,ERR,ERR
AUR,21724,12704,9020,0.710012594,220558,164026,56532,0.344652677,28.52542238,88.47714286,,,,
CHWY,21507,14737,6770,0.459387935,255878,151745,104133,0.686236779,17.48040295,54.25571429,,,,
CRWD,21140,12521,8619,0.688363549,371591,169338,202253,1.194374564,44.4268161,51.38142857,,ERR,ERR,ERR
CORZ,20562,19371,1191,0.061483661,1405101,1102850,302251,0.274063563,32.11061076,70.31285714,,ERR,ERR,ERR
HTZ,20548,12192,8356,0.685367454,1013019,340824,672195,1.972264277,15.35399027,92.10142857,,,,
VRT,20537,10757,9780,0.909175421,610181,365869,244312,0.667758132,14.42357617,56.43857143,,,,
GRAB,20333,19019,1314,0.069088806,1004673,909135,95538,0.105086703,29.15354419,45.57285714,,,,
GEO,20282,19215,1067,0.055529534,342880,274377,68503,0.249667428,20.56100578,57.17142857,,,,
ABBV,20281,14414,5867,0.407034827,328983,187147,141836,0.757885512,31.96751569,27.57428571,,ERR,ERR,ERR
SEDG,20276,6550,13726,2.095572519,250903,159574,91329,0.572330079,40.27964768,98.16428571,,ERR,ERR,ERR
RBLX,20261,9007,11254,1.249472632,487484,313559,173925,0.554680299,10.72695784,37.83571429,,,,
SMR,20170,7832,12338,1.575331971,196877,123438,73439,0.594946451,37.36323745,85.04714286,,ERR,ERR,ERR
VLO,19967,17021,2946,0.173080313,138479,66362,72117,1.086721316,7.093661726,29.25285714,,,,
GPRE,19957,10060,9897,0.983797217,75050,48993,26057,0.531851489,47.37039183,81.11578755,,ERR,ERR,ERR
HUM,19932,11133,8799,0.790353005,153105,89713,63392,0.706608853,46.27744413,56.56428571,,ERR,ERR,ERR
DJT,19729,13715,6014,0.438497995,293411,163030,130381,0.799736245,1.867058568,67.2,,,,
MSTY,19550,11825,7725,0.653276956,72808,38860,33948,0.87359753,0.001,35.37857143,,,,
AES,19215,14789,4426,0.299276489,393921,208914,185007,0.885565352,39.23056791,44.03,,ERR,ERR,ERR
VST,19153,8770,10383,1.183922463,413648,198524,215124,1.083617094,18.58894171,53.56571429,,,,
MPW,18835,8088,10747,1.328758655,952025,284082,667943,2.351233095,0.001,36.49428571,,,,
RRC,18594,17168,1426,0.08306151,71023,53439,17584,0.329048074,22.91413824,35.19066667,,,,
ONDS,18585,17313,1272,0.073470802,96220,91518,4702,0.051377871,3.233676775,151.786044,,,,
BTU,18556,12411,6145,0.495125292,267050,161273,105777,0.655887842,42.51374581,57.12714286,,ERR,ERR,ERR
TEVA,18484,10040,8444,0.841035857,1019110,634737,384373,0.605562619,22.84447661,37.85142857,,,,
KHC,18327,14179,4148,0.292545313,364801,206333,158468,0.768020627,24.14545455,21.38,,,,
IBM,18187,11264,6923,0.614612926,275727,145259,130468,0.898174984,17.73031312,23.73857143,,,,
PCG,17787,15957,1830,0.114683211,824404,560778,263626,0.470107601,27.08693647,25.57428571,,,,
XP,17624,4362,13262,3.040348464,132514,72470,60044,0.828535946,18.99032748,41.04428571,,,,
TMO,17542,1342,16200,12.07153502,57436,27882,29554,1.059967004,36.57803468,32.03,,ERR,ERR,ERR
AGNC,17529,8423,9106,1.081087499,656801,286786,370015,1.290212911,25.59287738,22.68428571,,,,
EL,17395,13825,3570,0.258227848,294478,151740,142738,0.940674839,17.06233675,40.84142857,,,,
GM,17325,10758,6567,0.610429448,695992,363901,332091,0.912586115,21.36743663,30.86714286,,,,
LUV,17159,10543,6616,0.627525372,420389,210494,209895,0.997154313,25.91362126,37.35,,,,
ZS,17103,6606,10497,1.589009991,231762,128234,103528,0.807336588,31.47272154,43.83142857,,ERR,ERR,ERR
SPOT,16907,10089,6818,0.675785509,115894,55433,60461,1.090704093,24.16809088,40.64714286,,,,
HAL,16843,12544,4299,0.342713648,525144,270645,254499,0.940342515,34.37653131,39.03285714,,ERR,ERR,ERR
VALE,16603,14243,2360,0.165695429,1616654,829663,786991,0.948567069,8.318132069,23.47,,,,
BE,16558,13511,3047,0.225519947,333027,223001,110026,0.493387922,46.31784683,71.56142857,,ERR,ERR,ERR
LAES,16517,14514,2003,0.138004685,50034,40073,9961,0.248571357,19.09389231,169.7271429,,,,
HUT,16370,13800,2570,0.186231884,217724,156273,61451,0.393228517,48.83820998,90.03571429,,ERR,ERR,ERR
COP,16336,7527,8809,1.170320181,326465,174974,151491,0.865791489,22.8956699,30.90571429,,,,
NCLH,16315,7219,9096,1.260008311,477224,210043,267181,1.272030013,16.918023,44.94,,,,
CLOV,16150,14124,2026,0.143443784,230350,193324,37026,0.191523039,3.786048276,54.61857143,,,,
TJX,15921,6060,9861,1.627227723,174531,79458,95073,1.196518916,41.34615385,25.3,,ERR,ERR,ERR
KSS,15876,7316,8560,1.170038272,378415,212175,166240,0.783504183,90.1059758,98.61142857,,ERR,ERR,ERR
VFC,15874,10382,5492,0.528992487,320177,198726,121451,0.611148013,41.76290565,76.85857143,,ERR,ERR,ERR
CARR,15757,3522,12235,3.473878478,93560,61336,32224,0.525368462,7.113568651,24.82501742,,,,
MS,15598,9182,6416,0.69875844,592783,272489,320294,1.175438275,14.39004815,26.17428571,,,,
AAP,15403,4648,10755,2.313898451,84692,47634,37058,0.777973716,59.52455427,73.69,,ERR,ERR,ERR
NXT,15272,7410,7862,1.06099865,100203,64098,36105,0.563278105,12.30375602,48.37554007,,,,
CEG,14953,9515,5438,0.571518655,203842,84825,119017,1.403088712,26.545826,48.76857143,,,,
ANET,14840,9133,5707,0.62487682,482778,242388,240390,0.991757018,23.4907247,42.31857143,,,,
LUNR,14836,10013,4823,0.481673824,190823,151927,38896,0.256017693,23.97147232,80.16571429,,,,
ALT,14833,10168,4665,0.45879229,190801,142447,48354,0.339452568,42.99295516,153.8028571,,ERR,ERR,ERR
AKAM,14718,2017,12701,6.296975706,111098,68001,43097,0.633770092,22.80751351,29.92285714,,,,
ROKU,14700,9328,5372,0.575900515,215404,102601,112803,1.099433729,17.43216848,49.34714286,,,,
STX,14143,9165,4978,0.543153301,144796,69325,75471,1.088654886,16.00424084,35.20285714,,,,
KMI,14135,10274,3861,0.375802998,499589,280848,218741,0.778859027,34.6853564,25.36142857,,ERR,ERR,ERR
JBLU,13988,7895,6093,0.771754275,495779,294340,201439,0.684375212,39.35578591,73.29142857,,ERR,ERR,ERR
MOS,13797,11225,2572,0.229131403,197367,95060,102307,1.076236061,9.931264172,28.26428571,,,,
OSCR,13673,10984,2689,0.244810634,168397,120961,47436,0.392159456,14.46754349,66.55,,,,
BTBT,13452,12163,1289,0.105977144,167644,144293,23351,0.161830442,4.023708431,91.26857143,,,,
GEV,13346,7182,6164,0.858256753,135981,75333,60648,0.805065509,15.35082728,47.17714286,,,,
DECK,13302,7312,5990,0.819201313,116376,74662,41714,0.558704562,53.81205063,59.68571429,,ERR,ERR,ERR
DDOG,13216,8552,4664,0.545369504,349573,177217,172356,0.972570352,14.96033942,36.62,,,,
IGT,13102,8201,4901,0.597610048,188574,169156,19418,0.114793445,34.95627796,44.44989547,,ERR,ERR,ERR
PM,12903,9499,3404,0.358353511,235327,138653,96674,0.697236987,24.62496323,21.62571429,,,,
GAP,12729,7544,5185,0.687301166,196919,83219,113700,1.366274529,50.1574081,62.77571429,,ERR,ERR,ERR
EA,12702,9003,3699,0.410863046,144456,70894,73562,1.03763365,14.80783575,20.80857143,,,,
MCHP,12613,10687,1926,0.180218958,320741,187445,133296,0.711120595,26.52416077,42.96,,,,
LULU,12596,6018,6578,1.093054171,162571,69967,92604,1.323538239,55.76270695,52.41428571,,ERR,ERR,ERR
COF,12435,8150,4285,0.525766871,134537,73186,61351,0.838288744,16.92416097,30.83428571,,,,
EVLV,12358,11869,489,0.041199764,56791,44835,11956,0.266666667,32.03611651,95.94592334,,ERR,ERR,ERR
GILD,12277,7825,4452,0.568945687,247833,124865,122968,0.984807592,53.62273579,35.12,,ERR,ERR,ERR
SLB,12188,7906,4282,0.541613964,698783,400938,297845,0.742870469,26.68929343,32.64142857,,,,
TCOM,11940,7109,4831,0.67956112,85353,48606,36747,0.756017776,36.55261705,42.52825784,,ERR,ERR,ERR
STZ,11798,8600,3198,0.371860465,80155,46220,33935,0.734205971,28.12125613,26.12571429,,,,
LRCX,11759,6476,5283,0.815781347,548934,283326,265608,0.937464264,15.45738899,37.80285714,,,,
BSX,11735,9646,2089,0.216566452,235910,127440,108470,0.851145637,14.04887218,20.01857143,,,,
ALB,11705,8952,2753,0.307529044,229844,89383,140461,1.571450947,26.10523461,57.41,,,,
RIG,11655,9877,1778,0.180014174,706637,501753,204884,0.408336373,20.46085159,66.76142857,,,,
ZM,11449,4959,6490,1.308731599,241517,132511,109006,0.8226185,42.75891103,40.70142857,,ERR,ERR,ERR
HPE,10933,3571,7362,2.061607393,485753,293475,192278,0.655176761,43.39550087,49.93,,ERR,ERR,ERR
ELF,10894,6302,4592,0.728657569,125107,71109,53998,0.759369419,70.77166884,84.10428571,,ERR,ERR,ERR
DASH,10702,4288,6414,1.495802239,211984,134754,77230,0.573118423,18.84366577,35.95714286,,,,
ABNB,10654,4990,5664,1.13507014,307616,152100,155516,1.022458909,15.89651405,31.94285714,,,,
CIFR,10630,9121,1509,0.165442386,216361,186475,29886,0.160268132,14.67996584,99.91285714,,,,
DVN,10424,6835,3589,0.525091441,549092,239533,309559,1.292343852,25.26821497,35.64142857,,,,
TME,10270,8996,1274,0.141618497,89825,53865,35960,0.667594913,24.22477617,46.31080139,,,,
AA,10260,3991,6269,1.570784265,284214,142108,142106,0.999985926,14.51081407,47.94285714,,,,
FFAI,10218,5275,4943,0.937061611,70642,49514,21128,0.426707598,0.001,126.9128571,,,,
KULR,10178,9635,543,0.056357032,169271,141193,28078,0.19886255,13.0110318,121.76,,,,
KR,10178,6806,3372,0.495445195,230730,149276,81454,0.545660387,39.50884195,26.81142857,,ERR,ERR,ERR
NET,10147,7052,3095,0.438882587,172686,103723,68963,0.664876643,12.44826764,42.11714286,,,,
CPNG,10109,7119,2990,0.420002809,357636,262018,95618,0.364929127,8.53345019,30.21285714,,,,
M,9997,7322,2675,0.36533734,203258,91543,111715,1.220355461,53.86662049,62.55857143,,ERR,ERR,ERR
VSCO,9837,8642,1195,0.138278176,119290,85088,34202,0.401960323,49.35822091,80.33581882,,ERR,ERR,ERR
BX,9764,4219,5545,1.314292486,338448,144558,193890,1.341260947,18.68022329,33.21,,,,
NOW,9723,4968,4755,0.957125604,95280,50505,44775,0.886545887,13.13402665,28.90428571,,,,
APA,9700,7077,2623,0.370637276,276511,158246,118265,0.747349064,31.75231863,46.81857143,,ERR,ERR,ERR
W,9689,4521,5168,1.143109931,307240,130730,176510,1.350187409,17.49865356,66.32142857,,,,
TVTX,9666,2515,7151,2.84333996,48850,39434,9416,0.238778719,35.26187884,74.64166113,,ERR,ERR,ERR
DE,9657,7889,1768,0.22410952,72665,32335,40330,1.247255296,19.01050366,24.78714286,,,,
MDB,9656,6905,2751,0.398406951,193432,85264,108168,1.268624507,84.56749062,81.67428571,,ERR,ERR,ERR
ABR,9559,4150,5409,1.303373494,254312,77727,176585,2.271861773,36.68739401,37.83,,ERR,ERR,ERR
HPQ,9448,4779,4669,0.976982632,225632,120865,104767,0.866810077,40.16023471,41.20714286,,ERR,ERR,ERR
NAK,9380,7185,2195,0.305497564,136315,107360,28955,0.269700075,32.61396644,148.0214286,,ERR,ERR,ERR
PATH,9354,8246,1108,0.134368179,330876,217606,113270,0.520527927,55.8989705,67.02857143,,ERR,ERR,ERR
RCAT,9211,8069,1142,0.14152931,128687,93743,34944,0.372763833,18.40902649,93.98857143,,,,
BUD,9185,4934,4251,0.86157276,182250,113778,68472,0.601803512,24.67961082,21.58571429,,,,
PCT,9138,7221,1917,0.265475696,249046,168987,80059,0.473758336,32.6396837,81.32142857,,ERR,ERR,ERR
NVDX,9097,6805,2292,0.336811168,75190,62405,12785,0.204871405,34.24562987,99.78857143,,ERR,ERR,ERR
SBSW,9088,8620,468,0.054292343,223661,163616,60045,0.366987336,7.324438683,52.78515679,,,,
IEP,9049,7550,1499,0.198543046,86999,73799,13200,0.178864212,19.44492763,46.39952381,,,,
GIS,9028,4693,4335,0.923716173,95887,53180,42707,0.803065062,39.20497245,23.35759582,,ERR,ERR,ERR
ON,8950,4256,4694,1.102913534,304356,136471,167885,1.230188099,21.34209086,47.89857143,,,,
ALK,8919,728,8191,11.25137363,75643,40613,35030,0.862531702,22.91708737,42.28898955,,,,
HON,8817,6192,2625,0.423934109,175639,126561,49078,0.387781386,17.03793811,19.64285714,,,,
RILY,8808,3666,5142,1.402618658,98111,40670,57441,1.412367839,15.05449264,101.9157143,,,,
WDC,8806,5380,3426,0.636802974,180241,91067,89174,0.979213107,27.75439794,36.38571429,,,,
GTLB,8715,2263,6452,2.851082634,100268,69957,30311,0.433280444,66.831963,71.35857143,,ERR,ERR,ERR
SATS,8709,717,7992,11.14644351,151854,100242,51612,0.514874005,48.18498805,68.55801394,,ERR,ERR,ERR
TIGR,8689,6866,1823,0.265511215,522803,215265,307538,1.42864841,14.64279669,63.82142857,,,,
MSTZ,8385,5308,3077,0.579691032,49217,36844,12373,0.335821301,5.364747525,127.22,,,,
AG,8375,7183,1192,0.165947376,627311,369257,258054,0.698846603,21.08426193,55.48714286,,,,
DOCS,8237,4561,3676,0.805963604,43825,24809,19016,0.76649603,20.35394274,40.25634146,,,,
KGC,8184,6305,1879,0.298017446,185361,145307,40054,0.275650863,14.42608158,43.18285714,,,,
OKE,8158,2054,6104,2.971762415,98933,57351,41582,0.725044027,26.37419982,28.7561324,,,,
RUM,8136,5480,2656,0.484671533,165525,126518,39007,0.308311861,34.49003558,71.46142857,,ERR,ERR,ERR
DHR,8072,2433,5639,2.317714755,91189,58483,32706,0.559239437,31.74035267,30.24428571,,ERR,ERR,ERR
BITF,8016,7390,626,0.084709066,257050,229274,27776,0.121147622,14.21775156,124.4757143,,,,
LOW,8010,3673,4337,1.180778655,116160,59900,56260,0.939232053,39.38888401,31.47714286,,ERR,ERR,ERR
EXEL,7850,6185,1665,0.269199677,45421,29887,15534,0.519757754,51.06182055,45.66198606,,ERR,ERR,ERR
VKTX,7841,5378,2463,0.457976943,162266,126526,35740,0.282471587,16.71465066,75.47714286,,,,
UEC,7829,4885,2944,0.602661208,148132,120930,27202,0.224940048,43.62549108,63.08571429,,ERR,ERR,ERR
VG,7818,4868,2950,0.605998357,152224,64768,87456,1.350296443,21.02081901,67.49410989,,,,
MVST,7761,6330,1431,0.226066351,90614,70271,20343,0.289493532,8.987585495,108.3894425,,,,
MTCH,7686,5255,2431,0.462607041,187523,141315,46208,0.326985812,18.01079734,34.41428571,,,,
BIIB,7666,6492,1174,0.180837954,91808,51192,40616,0.79340522,44.47619048,40.70714286,,ERR,ERR,ERR
ASML,7658,3640,4018,1.103846154,137707,65262,72445,1.11006405,9.036428101,32.11,,,,
RXRX,7637,5654,1983,0.35072515,324220,229586,94634,0.412194123,25.7221458,103.6242857,,,,
LBTYA,7625,124,7501,60.49193548,33556,11840,21716,1.834121622,5.617983628,32.52809524,,,,
GLBE,7605,7531,74,0.009826052,91372,86482,4890,0.056543558,17.58500168,42.31578397,,,,
ALAB,7597,5175,2422,0.468019324,133708,79600,54108,0.679748744,12.97225129,66.25142857,,,,
EOG,7594,4595,2999,0.652665941,167153,78762,88391,1.122254387,22.34853785,28.23285714,,,,
ONON,7593,5257,2336,0.444359901,270378,152791,117587,0.769593759,6.605276257,36.71142857,,,,
BBY,7554,3142,4412,1.404201146,125215,55228,69987,1.267237633,51.46708749,50.22857143,,ERR,ERR,ERR
TMUS,7509,2865,4644,1.620942408,190356,90483,99873,1.1037764,39.84724675,25.27285714,,ERR,ERR,ERR
SO,7485,5511,1974,0.358192705,97940,62764,35176,0.560448665,52.6265869,22.28428571,,ERR,ERR,ERR
TTWO,7467,5084,2383,0.468725413,140773,61955,78818,1.272181422,24.74348856,27.17142857,,,,
SERV,7463,5818,1645,0.282743211,102546,71540,31006,0.433407884,28.09365272,109.5028571,,,,
BB,7458,6297,1161,0.184373511,324403,262236,62167,0.237065086,19.40942878,59.14571429,,,,
DKS,7425,4442,2983,0.671544349,90086,43913,46173,1.051465397,44.49766034,49.38428571,,ERR,ERR,ERR
PAAS,7407,5323,2084,0.391508548,149187,92678,56509,0.609734781,16.09377289,41.65571429,,,,
LMT,7397,5179,2218,0.428268005,95784,58610,37174,0.634260365,34.70065992,22.33142857,,ERR,ERR,ERR
ISRG,7366,5258,2108,0.400912895,73663,36768,36895,1.003454091,18.48986446,26.55571429,,,,
MPC,7355,1757,5598,3.186112692,75285,47137,28148,0.59715298,11.65736976,29.39428571,,,,
OKTA,7273,4387,2886,0.657852747,146530,71574,74956,1.047251795,64.51687471,60.26714286,,ERR,ERR,ERR
WGS,7241,3842,3399,0.884695471,53247,25844,27403,1.060323479,6.581329403,74.06857143,,,,
SG,7168,2715,4453,1.64014733,98853,56786,42067,0.740798788,19.4568283,68.48735192,,,,
FNGR,7160,6034,1126,0.186609214,76887,71296,5591,0.078419547,85.55187253,219.0822857,,ERR,ERR,ERR
MA,7096,3371,3725,1.105013349,136717,64982,71735,1.103921086,11.55807365,18.14,,,,
CGC,7082,5401,1681,0.31123866,275814,244331,31483,0.128853891,33.52053523,141.33,,ERR,ERR,ERR
AXP,7058,3189,3869,1.213232988,201543,129003,72540,0.562312504,13.24633329,24.46428571,,,,
GLW,7033,5721,1312,0.229330537,259506,224066,35440,0.158167683,24.13579482,25.47142857,,,,
FANG,7026,847,6179,7.295159386,75909,44823,31086,0.693527876,28.13195709,34,,,,
EW,7005,5446,1559,0.286265149,60833,39267,21566,0.549214353,4.403650326,23.53425087,,,,
WBA,6975,3989,2986,0.748558536,819275,539900,279375,0.517456936,11.90915596,20.94428571,,,,
ASPI,6900,4674,2226,0.476251605,48481,33753,14728,0.436346399,0.001,104.5418095,,,,
LUMN,6871,4130,2741,0.663680387,511167,277239,233928,0.843777391,6.972163866,69.66428571,,,,
QXO,6865,4832,2033,0.420736755,45992,36369,9623,0.264593472,0.001,33.80125436,,,,
NUE,6839,2402,4437,1.847210658,114026,63457,50569,0.796901839,31.35489153,37.62571429,,ERR,ERR,ERR
ABT,6826,4818,2008,0.416770444,181549,102297,79252,0.774724576,28.0060045,21.94571429,,,,
EQT,6782,3516,3266,0.928896473,300966,173052,127914,0.739165106,16.81739879,34.44,,,,
PARA,6777,3445,3332,0.967198839,735457,288212,447245,1.551791737,28.94426148,53.45,,,,
BTDR,6773,3719,3054,0.821188492,189241,100799,88442,0.877409498,24.59276917,94.68,,,,
LQDA,6756,4507,2249,0.499001553,63753,37817,25936,0.685829124,116.8923638,141.4681882,,ERR,ERR,ERR
FTNT,6701,3717,2984,0.802797955,150210,78060,72150,0.924289008,14.47368421,29.06,,,,
WOOF,6692,6391,301,0.047097481,58301,34094,24207,0.710007626,16.91918716,80.79989547,,,,
TDOC,6609,4334,2275,0.524919243,214195,150298,63897,0.425135398,15.6389888,55.56428571,,,,
CAR,6568,4082,2486,0.609015189,140777,63416,77361,1.219897187,16.75828135,53.06857143,,,,
LAC,6545,4337,2208,0.509107678,134458,80854,53604,0.662972766,1.740623999,69.54380952,,,,
CIVI,6539,5362,1177,0.219507646,35804,26100,9704,0.371800766,45.0807494,64.01257143,,ERR,ERR,ERR
IRBT,6516,3610,2906,0.80498615,106441,46665,59776,1.280960034,41.227503,109.4714286,,ERR,ERR,ERR
AMGN,6469,3543,2926,0.825853796,141361,73381,67980,0.926397841,26.8334152,27.78714286,,,,
PSX,6453,3945,2508,0.635741445,77446,38215,39231,1.026586419,16.48696334,28.81,,,,
TXN,6453,3782,2671,0.706240085,234120,132732,101388,0.763854986,19.80851508,29.13714286,,,,
FTAI,6438,1955,4483,2.293094629,78376,36117,42259,1.170058421,29.40053152,59.47285714,,,,
CONL,6405,4024,2381,0.591699801,57649,41473,16176,0.390036891,19.40359345,127.1132056,,,,
CAT,6365,3321,3044,0.916591388,178269,92651,85618,0.924091483,10.52384563,25.13428571,,,,
TTE,6324,6123,201,0.032827046,44433,22238,22195,0.998066373,21.55948017,22.78,,,,
CMCSA,6246,4169,2077,0.498201007,608520,420845,187675,0.445948033,13.56954391,23.03,,,,
MP,6243,4549,1694,0.372389536,218774,93235,125539,1.346479326,25.5605666,59.16714286,,,,
JOBY,6219,3731,2488,0.66684535,182428,144594,37834,0.261656777,25.18095238,64.04714286,,,,
COHR,6201,5266,935,0.177554121,99098,55186,43912,0.795709057,31.27709403,58.40142857,,ERR,ERR,ERR
FUTU,6199,3549,2650,0.746689208,113637,59002,54635,0.92598556,26.62089527,57.79285714,,,,
WYNN,6180,4052,2128,0.525172754,246180,120323,125857,1.045992869,13.73383791,30.91571429,,,,
BYON,6115,5687,428,0.075259363,101385,82165,19220,0.233919552,25.30419468,96.33,,,,
KODK,6089,6046,43,0.00711214,126096,78204,47892,0.612398343,15.15858005,61.2307619,,,,
CAPR,6001,4849,1152,0.237574758,77616,57817,19799,0.342442534,27.54888072,111.6771777,,,,
NEXT,5904,5483,421,0.076782783,90614,60077,30537,0.508297685,6.980633958,53.00324042,,,,
CRSP,5883,4993,890,0.178249549,108132,72124,36008,0.499251289,39.75051645,59.85571429,,ERR,ERR,ERR
SRPT,5799,4496,1303,0.289813167,106350,69206,37144,0.53671647,37.65692969,75.58714286,,ERR,ERR,ERR
IBRX,5791,4123,1668,0.404559787,166019,131768,34251,0.259934127,16.15480816,76.99181185,,,,
JNPR,5767,425,5342,12.56941176,302279,103798,198481,1.912185206,24.94744335,12.35307692,,,,
AEM,5751,2938,2813,0.95745405,162755,103846,58909,0.567272692,25.31337224,34.42571429,,,,
FDX,5748,3596,2152,0.598442714,157462,76457,81005,1.059484416,25.0567147,28.58428571,,,,
RH,5745,2965,2780,0.937605396,70345,37910,32435,0.855579003,53.40121958,86.28285714,,ERR,ERR,ERR
CHPT,5743,4829,914,0.189273141,401235,350067,51168,0.146166305,18.80759225,105.2042857,,,,
BJ,5705,2147,3558,1.657196088,38896,19786,19110,0.965834428,74.24678029,38.67651568,,ERR,ERR,ERR
MGM,5642,3566,2076,0.582164891,205499,94650,110849,1.171146329,16.95839639,35.23428571,,,,
ANF,5630,2777,2853,1.027367663,107982,41045,66937,1.630819832,73.95544719,79.18142857,,ERR,ERR,ERR
O,5584,3710,1874,0.505121294,151475,92274,59201,0.641578343,16.14794768,17.01,,,,
AZN,5575,3500,2075,0.592857143,156660,113812,42848,0.376480512,39.55869693,28.24285714,,ERR,ERR,ERR
CRH,5545,2227,3318,1.489896722,38229,26710,11519,0.4312617,20.37076497,28.58,,,,
WDAY,5541,2231,3310,1.483639623,66906,30150,36756,1.219104478,56.12804752,42.99714286,,ERR,ERR,ERR
AMDL,5540,3380,2160,0.639053254,133023,118485,14538,0.122699076,17.68423654,83.86912088,,,,
SHEL,5516,2172,3344,1.539594843,228628,140995,87633,0.621532678,20.62057476,20.78285714,,,,
GEHC,5480,2844,2636,0.926863572,114620,66977,47643,0.711333741,25.23233196,31.50285714,,,,
SWTX,5387,4973,414,0.083249548,244712,213268,31444,0.147438903,21.32494637,45.71428571,,,,
RITM,5357,5163,194,0.037575053,96757,56447,40310,0.714121211,4.490184639,16.7469338,,,,
NTES,5336,4854,482,0.099299547,49587,24780,24807,1.001089588,30.3848076,40.99,,ERR,ERR,ERR
GSK,5336,4114,1222,0.297034516,104735,66702,38033,0.570192798,48.0738012,26.63857143,,ERR,ERR,ERR
VOD,5222,3215,2007,0.624261275,174392,125223,49169,0.39265151,31.94624576,36.57714286,,ERR,ERR,ERR
MNMD,5216,4611,605,0.131207981,50531,43314,7217,0.166620492,18.58025512,75.82909408,,,,
SIRI,5214,3985,1229,0.308406524,318134,237081,81053,0.341878936,14.39249105,39.34857143,,,,
BKR,5173,4690,483,0.102985075,131294,69026,62268,0.902094863,19.00646083,30.19111498,,,,
HSY,5172,1929,3243,1.68118196,55661,28089,27572,0.981594218,29.52235217,25.20714286,,,,
CLS,5150,3222,1928,0.598386096,102818,65037,37781,0.580915479,22.76078846,60.67714286,,,,
PSNY,5126,785,4341,5.529936306,59844,35631,24213,0.679548708,12.21671172,109.3032753,,,,
CYH,5119,2212,2907,1.314195298,61295,32383,28912,0.892814131,21.85004284,86.47926829,,,,
WEN,5073,2167,2906,1.341024458,80329,29381,50948,1.734045812,45.22562518,35.86801394,,ERR,ERR,ERR
LMND,5035,3395,1640,0.483063328,98717,68603,30114,0.438960395,24.95531725,65.01,,,,
LVS,5025,3184,1841,0.578203518,286916,200989,85927,0.427520909,14.86728025,33.27142857,,,,
WLY,5011,5000,11,0.0022,48754,13601,35153,2.584589368,45.94088409,41.63032967,,ERR,ERR,ERR
APO,4985,1844,3141,1.703362256,364964,243183,121781,0.500779249,12.853883,33.01285714,,,,
VERA,4947,3081,1866,0.605647517,41281,32288,8993,0.278524529,89.93857266,182.5061538,,ERR,ERR,ERR
HL,4945,4386,559,0.12745098,291929,234988,56941,0.242314501,10.34446752,54.13714286,,,,
ARBE,4874,4563,311,0.068156914,47668,44760,2908,0.064968722,29.44618266,134.1884416,,,,
DUK,4860,2523,2337,0.92627824,129786,79315,50471,0.636336128,33.01971827,19.28397213,,ERR,ERR,ERR
BBWI,4834,4153,681,0.163977847,90842,36961,53881,1.457779822,57.74726467,55.27571429,,ERR,ERR,ERR
HOG,4809,3895,914,0.23465982,48121,24863,23258,0.935446245,26.38672735,39.49714286,,,,
CL,4796,3513,1283,0.365214916,77503,38646,38857,1.005459815,30.91983376,19.48142857,,ERR,ERR,ERR
CPB,4795,766,4029,5.259791123,50598,26421,24177,0.91506756,59.93153319,33.86857143,,ERR,ERR,ERR
WMB,4784,3470,1314,0.378674352,209553,99714,109839,1.101540406,17.19427497,24.30142857,,,,
SAVA,4777,4216,561,0.133064516,73734,67434,6300,0.093424682,7.418083088,113.6771429,,,,
FBTC,4766,4298,468,0.108887855,56942,40111,16831,0.419610581,12.63229951,43.72714286,,,,
CZR,4738,2083,2655,1.274603937,234736,120329,114407,0.950784931,16.77491345,43.60571429,,,,
PRU,4716,4065,651,0.160147601,112839,50443,62396,1.23696053,23.41182367,24.11432967,,,,
TEAM,4673,3162,1511,0.477862113,67234,34734,32500,0.935682616,19.04022583,41.64,,,,
CSX,4619,1631,2988,1.832004905,144131,84938,59193,0.69689656,16.17466678,22.03142857,,,,
ADI,4579,2318,2261,0.975409836,86981,54688,32293,0.590495173,31.71215738,36.83142857,,ERR,ERR,ERR
TOL,4574,1727,2847,1.648523451,45322,24191,21131,0.873506676,50.84396871,44.02285714,,ERR,ERR,ERR
RIO,4555,2579,1976,0.766188445,200521,105926,94595,0.893029096,12.08476495,23.41874564,,,,
SMMT,4543,1886,2657,1.408801697,92424,50078,42346,0.845600863,13.85157843,90.20857143,,,,
CCI,4521,1227,3294,2.684596577,90496,69711,20785,0.298159544,9.559531451,23.11487805,,,,
FIS,4494,801,3693,4.610486891,49206,29529,19677,0.666361882,20.60540298,22.88714286,,,,
CPRI,4492,1389,3103,2.233981281,133529,81026,52503,0.647977193,30.15074039,61.16857143,,ERR,ERR,ERR
WU,4470,3320,1150,0.346385542,52122,33157,18965,0.571975752,34.34343702,28.21626374,,ERR,ERR,ERR
BNTX,4464,1582,2882,1.821744627,49459,28568,20891,0.731272753,53.17828041,49.93867596,,ERR,ERR,ERR
FLG,4425,555,3870,6.972972973,304846,178377,126469,0.708998357,9.654487072,36.52616725,,,,
TGTX,4419,3613,806,0.22308331,96849,76713,20136,0.262484846,42.85318194,56.46714286,,ERR,ERR,ERR
STLA,4404,2301,2103,0.913950456,432103,285613,146490,0.512896822,26.77846662,43.42428571,,,,
MMM,4401,2689,1712,0.636667906,172289,108711,63578,0.584835021,23.45931018,25.69428571,,,,
ARDX,4390,4168,222,0.053262956,74707,54779,19928,0.363789043,53.38405781,76.3389547,,ERR,ERR,ERR
VRNA,4362,653,3709,5.679938744,43118,18819,24299,1.291195069,1.380271263,51.3430662,,,,
SKX,4338,4167,171,0.041036717,139643,112046,27597,0.246300627,0.001,5.63738676,,,,
CRDO,4301,3486,815,0.233792312,56499,35913,20586,0.573218612,53.48473852,93.16550523,,ERR,ERR,ERR
DHI,4294,1681,2613,1.554431886,88934,47563,41371,0.869814772,23.5358213,33.98,,,,
UBS,4291,2864,1427,0.49825419,100908,56981,43927,0.770906092,17.65127804,24.47333333,,,,
BDX,4287,709,3578,5.046544429,51723,36732,14991,0.408118262,32.21156577,23.44120879,,ERR,ERR,ERR
BXP,4284,117,4167,35.61538462,39882,25134,14748,0.586774887,4.76944254,26.89205575,,,,
TFC,4282,3133,1149,0.366741143,215994,142444,73550,0.516343265,13.73976342,25.21,,,,
NRG,4280,2680,1600,0.597014925,60934,30082,30852,1.025596702,18.32012144,40.27857143,,,,
ARCC,4272,1527,2745,1.797642436,163482,62840,100642,1.601559516,22.70980643,19.22783972,,,,
INTU,4250,1692,2558,1.511820331,91680,41520,50160,1.208092486,46.70840448,33.45857143,,ERR,ERR,ERR
AGI,4240,3375,865,0.256296296,126689,88798,37891,0.426710061,36.06460365,38.06170732,,ERR,ERR,ERR
RCL,4202,2201,2001,0.909132213,143832,55343,88489,1.598919466,11.41248995,32.41285714,,,,
MGNI,4168,3913,255,0.065167391,89369,66089,23280,0.352252266,9.121731656,48.82721254,,,,
GRRR,4145,2490,1655,0.664658635,32494,23492,9002,0.383194279,17.08703887,101.7614286,,,,
TECK,4127,2993,1134,0.378884063,198410,151921,46489,0.306007728,31.27466848,42.24428571,,ERR,ERR,ERR
NXE,4084,922,3162,3.429501085,160530,61916,98614,1.592706247,12.91417166,55.66,,,,
BROS,4082,3033,1049,0.345862183,57228,32888,24340,0.74008757,16.25758835,45.20261324,,,,
ADM,4052,2500,1552,0.6208,126714,69499,57215,0.823249255,14.56081212,24.95857143,,,,
KOS,4050,3521,529,0.150241409,164211,126824,37387,0.294794361,40.15486245,64.931777,,ERR,ERR,ERR
MBLY,4046,2995,1051,0.350918197,242909,151853,91056,0.599632539,26.32390085,59.10857143,,,,
HUN,4032,3825,207,0.054117647,75561,32392,43169,1.332705606,57.53527201,51.24606272,,ERR,ERR,ERR
MET,4002,878,3124,3.55808656,173017,74893,98124,1.310189203,18.23117835,22.45808791,,,,
TWLO,3979,3300,679,0.205757576,120987,75293,45694,0.606882446,16.99473489,37.64285714,,,,
FAST,3968,2621,1347,0.513925982,41642,23266,18376,0.789822058,16.90564413,21.49324042,,,,
PGR,3958,2375,1583,0.666526316,51378,28645,22733,0.793611451,10.92730239,22.42428571,,,,
USB,3948,2597,1351,0.520215633,221565,133660,87905,0.657676193,7.475725002,22.33,,,,
EAT,3945,423,3522,8.326241135,50974,28794,22180,0.770299368,18.92620063,45.15445993,,,,
FSLY,3940,3687,253,0.068619474,105437,71348,34089,0.477784941,6.599346098,53.26428571,,,,
HIVE,3907,3624,283,0.078090508,141645,126478,15167,0.119918089,8.009165263,92.33714286,,,,
DBRG,3825,3490,335,0.095988539,117014,90524,26490,0.292629579,28.8740139,55.70952381,,,,
IOVA,3823,3677,146,0.039706282,160867,145491,15376,0.105683513,10.85519664,110.9842857,,,,
PENN,3816,2768,1048,0.378612717,368064,278819,89245,0.320082204,20.40274996,48.93857143,,,,
AEO,3788,2158,1630,0.755329008,203600,78517,125083,1.593069017,83.73161327,71.46571429,,ERR,ERR,ERR
HLF,3758,591,3167,5.358714044,190955,94179,96776,1.027575149,10.42368646,58.66285714,,,,
MBOT,3734,3600,134,0.037222222,38364,37885,479,0.012643526,3.616962212,63.82190476,,,,
LEN,3728,2060,1668,0.809708738,76398,38095,38303,1.005460034,33.12244399,39.96714286,,ERR,ERR,ERR
SYM,3686,2261,1425,0.630252101,55565,34402,21163,0.615167723,10.47728391,59.29142857,,,,
CSIQ,3685,2182,1503,0.688817599,76612,45021,31591,0.701694765,39.21573805,68.18571429,,ERR,ERR,ERR
HWM,3670,2175,1495,0.687356322,45616,31331,14285,0.455938208,26.60304205,31.43714286,,,,
WM,3653,2319,1334,0.575247952,36432,22685,13747,0.605995151,22.15678765,16.98543554,,,,
PAGP,3585,3527,58,0.01644457,95566,68497,27069,0.395185191,35.16182172,21.0725784,,ERR,ERR,ERR
LAZR,3574,2245,1329,0.591982183,86952,64163,22789,0.355173542,21.0559668,130.9442857,,,,
EQNR,3549,808,2741,3.392326733,49578,22623,26955,1.19148654,30.82919944,29.02832753,,ERR,ERR,ERR
ADP,3523,2700,823,0.304814815,32925,17623,15302,0.868297112,17.57869249,18.28571429,,,,
IP,3518,1888,1630,0.863347458,71820,43980,27840,0.633015007,20.76918487,30.03428571,,,,
NOK,3512,3067,445,0.145092925,172768,120436,52332,0.434521239,0.001,23.95571429,,,,
GPN,3498,976,2522,2.584016393,200237,84934,115303,1.357559988,23.88554212,32.0043554,,,,
HBAN,3481,694,2787,4.015850144,59534,36279,23255,0.641004438,19.52145321,27.40310105,,,,
OMEX,3399,3077,322,0.104647384,33111,26357,6754,0.256250711,22.21867801,214.33,,,,
CAN,3398,3268,130,0.039779682,86265,76567,9698,0.126660311,9.579870793,137.2785714,,,,
KMX,3398,2850,548,0.192280702,54575,35271,19304,0.547305152,52.06710595,46.86452962,,ERR,ERR,ERR
CFLT,3389,2776,613,0.220821326,149393,92308,57085,0.618418772,23.37047519,52.6838676,,,,
MELI,3387,1290,2097,1.625581395,32772,14982,17790,1.18742491,12.85373338,30.30571429,,,,
USAR,3379,3094,285,0.092113769,61584,42780,18804,0.439551192,6.002772234,119.1018681,,,,
CG,3358,2461,897,0.364485981,110318,33499,76819,2.293172931,18.28063746,35.03512195,,,,
FHN,3347,3204,143,0.04463171,39216,32142,7074,0.220085869,29.37466014,33.76533333,,,,
GNRC,3331,2236,1095,0.489713775,39616,23057,16559,0.718176693,11.11464288,34.15818815,,,,
CDE,3302,2990,312,0.104347826,179131,128840,50291,0.390336852,1.290169157,55.38184669,,,,
BK,3301,1478,1823,1.233423545,68554,40204,28350,0.705153716,16.03618191,22.06571429,,,,
LI,3290,2236,1054,0.47137746,274893,135403,139490,1.030183969,40.67452255,60.8,,ERR,ERR,ERR
CROX,3268,1976,1292,0.653846154,62548,35650,26898,0.754502104,12.3744736,36.98571429,,,,
DAR,3248,2898,350,0.120772947,81160,58927,22233,0.377297334,44.66458773,51.99139373,,ERR,ERR,ERR
IAG,3235,2881,354,0.122874002,84140,71561,12579,0.175780104,28.02570811,59.63254355,,,,
SSRM,3233,3042,191,0.06278764,80723,61320,19403,0.316422048,0.001,41.45342857,,,,
ZETA,3176,2673,503,0.188178077,109499,76295,33204,0.435205453,35.45325539,67.33285714,,ERR,ERR,ERR
MNST,3169,1311,1858,1.417238749,104886,39894,64992,1.62911716,29.83076618,19.49285714,,,,
EVGO,3161,911,2250,2.469813392,63112,45785,17327,0.378442721,2.687763781,73.08714286,,,,
AEP,3147,2188,959,0.438299817,76079,53809,22270,0.413871285,18.1622052,18.88310105,,,,
CRK,3136,3056,80,0.02617801,66899,45718,21181,0.463296732,21.26174135,47.68522648,,,,
NN,3105,2558,547,0.213838937,157421,137480,19941,0.145046552,29.13079483,81.79505226,,,,
Z,3080,1713,1367,0.798015178,144138,85346,58792,0.688866496,9.931245225,34.77428571,,,,
SLS,3051,3010,41,0.013621262,116289,115602,687,0.005942804,34.25503768,157.3000697,,ERR,ERR,ERR
NNE,3050,1864,1186,0.636266094,81084,66995,14089,0.210299276,13.02106724,86.63428571,,,,
VTLE,3048,2043,1005,0.491923642,51823,38214,13609,0.356126027,46.73177737,76.43888502,,ERR,ERR,ERR
JCI,3036,2380,656,0.275630252,115024,83847,31177,0.371832027,13.51689698,24.25515679,,,,
BCS,3024,2777,247,0.088944905,114206,66964,47242,0.705483543,15.36151118,29.92756098,,,,
COMM,3012,767,2245,2.926988266,98128,51708,46420,0.897733426,3.467266886,62.17271777,,,,
TGB,3011,2828,183,0.064710042,37935,32945,4990,0.151464562,37.80305814,68.21971429,,ERR,ERR,ERR
HMY,2993,2784,209,0.075071839,64700,48105,16595,0.344974535,41.89469635,54.02773519,,ERR,ERR,ERR
HE,2950,2292,658,0.287085515,75313,55013,20300,0.36900369,7.808320892,38.66142857,,,,
FND,2938,2791,147,0.052669294,63035,11383,51652,4.537643855,19.00391059,41.50456446,,,,
ULTA,2924,1575,1349,0.856507937,57515,35756,21759,0.608541224,47.78751123,41.27571429,,ERR,ERR,ERR
UNP,2916,2171,745,0.343159834,101812,60283,41529,0.688900685,13.61424679,19.55714286,,,,
NLY,2903,1523,1380,0.906106369,145327,59036,86291,1.461667457,7.696995087,17.21714286,,,,
HNRG,2895,2838,57,0.020084567,60389,43994,16395,0.372664454,47.40125391,68.2843956,,ERR,ERR,ERR
RF,2879,909,1970,2.167216722,105891,47821,58070,1.214320069,9.560501437,24.19414634,,,,
UUUU,2879,2411,468,0.194110328,165597,110203,55394,0.502654193,44.74962026,68.86285714,,ERR,ERR,ERR
BHP,2864,1755,1109,0.631908832,91053,51266,39787,0.776089416,6.022684176,25.29149826,,,,
WHR,2862,965,1897,1.965803109,55091,30287,24804,0.818965233,22.01047211,35.56720879,,,,
PAA,2854,2137,717,0.33551708,175157,123555,51602,0.417643964,27.71941434,23.83428571,,,,
LYB,2843,2219,624,0.281207751,104136,54005,50131,0.928265901,38.73798274,35.7671777,,ERR,ERR,ERR
BTG,2835,2362,473,0.200254022,285215,214155,71060,0.331815741,6.521943419,41.66135889,,,,
KEY,2813,1467,1346,0.917518746,182618,93524,89094,0.952632479,7.732106927,26.47857143,,,,
WPM,2808,1301,1507,1.158339739,82126,58256,23870,0.409743202,29.66858052,32.13571429,,,,
YPF,2794,1990,804,0.404020101,123720,62525,61195,0.978728509,23.79346661,44.53888502,,,,
ADMA,2779,2519,260,0.103215562,85315,55846,29469,0.527683272,24.07909898,47.00080139,,,,
CAH,2776,1215,1561,1.284773663,47990,30707,17283,0.562835835,21.09114158,23.27285714,,,,
CVE,2768,1086,1682,1.548802947,283127,180393,102734,0.569501034,28.2317184,36.03843206,,,,
CLBR,2717,2251,466,0.207019103,34716,28343,6373,0.224852697,46.32061357,79.91742857,,ERR,ERR,ERR
GENI,2701,2482,219,0.088235294,62601,53686,8915,0.16605819,21.33172187,47.66794425,,,,
MAT,2678,1496,1182,0.790106952,64032,41984,22048,0.525152439,13.88361865,28.06825784,,,,
AXL,2663,1871,792,0.423303046,75952,69871,6081,0.087031816,54.88453006,58.04714286,,ERR,ERR,ERR
MAGS,2662,2078,584,0.281039461,69277,42301,26976,0.63771542,25.62205992,27.10714286,,,,
SGMO,2653,2553,100,0.039169604,55945,38820,17125,0.441138588,13.05289076,128.4838328,,,,
ALGM,2599,2371,228,0.096161957,77295,8169,69126,8.461990452,23.08670248,48.58317073,,,,
BHVN,2587,1871,716,0.382683057,36980,28111,8869,0.315499271,39.16616457,98.34867596,,ERR,ERR,ERR
NTLA,2563,2205,358,0.162358277,47390,38052,9338,0.24540103,0.001,37.35212544,,,,
CAG,2562,1870,692,0.370053476,62542,36284,26258,0.723679859,16.05253981,23.70142857,,,,
QURE,2562,2240,322,0.14375,63732,49424,14308,0.289494982,50.57135132,100.897561,,ERR,ERR,ERR
BORR,2550,2530,20,0.007905138,48112,43974,4138,0.09410106,25.45444717,63.00384615,,,,
VNET,2526,2413,113,0.046829673,62312,48441,13871,0.286348341,20.00626337,109.9214286,,,,
ROST,2514,1487,1027,0.69065232,38947,18116,20831,1.14986752,58.01900802,32.14428571,,ERR,ERR,ERR
HSAI,2506,2116,390,0.184310019,35930,26426,9504,0.359645803,19.50184965,96.89247619,,,,
INFA,2497,2447,50,0.020433183,39844,35578,4266,0.11990556,17.47322579,38.5874359,,,,
PLAY,2497,1927,570,0.295796575,51355,33107,18248,0.551182529,57.53852589,89.9902439,,ERR,ERR,ERR
METC,2474,2109,365,0.173067805,55976,41240,14736,0.357322987,46.34534892,79.7810989,,ERR,ERR,ERR
IOT,2444,1657,787,0.474954737,127281,56718,70563,1.244102401,65.89462518,73.39,,ERR,ERR,ERR
EXC,2441,1650,791,0.479393939,83571,49580,33991,0.685578862,23.01156052,19.30961672,,,,
TRIP,2423,1999,424,0.212106053,156674,97892,58782,0.600478078,11.09346338,37.34428571,,,,
UAMY,2394,1687,707,0.419087137,36470,28529,7941,0.278348347,1.382099559,96.18766234,,,,
CHGG,2385,1749,636,0.363636364,91011,80302,10709,0.13335907,26.32799878,117.9744251,,,,
GRPN,2371,1256,1115,0.887738854,138539,72935,65604,0.899485844,6.796142803,60.24857143,,,,
KKR,2365,598,1767,2.954849498,173355,74893,98462,1.314702309,16.75176373,35.77571429,,,,
ARRY,2346,1790,556,0.310614525,96709,79350,17359,0.218764965,30.9676891,80.06041812,,ERR,ERR,ERR
ADSK,2343,1018,1325,1.301571709,43003,20413,22590,1.106647724,40.71273821,34.25428571,,ERR,ERR,ERR
SENS,2318,1896,422,0.22257384,72749,63910,8839,0.138303865,19.58043077,96.47409524,,,,
PPG,2316,1262,1054,0.83518225,35911,23424,12487,0.533085724,25.58055734,23.86714286,,,,
EDIT,2311,1926,385,0.199896158,33757,31408,2349,0.074789862,22.50227598,76.99133333,,,,
IBN,2311,2192,119,0.054288321,84586,55390,29196,0.527098754,29.26613043,18.71243902,,,,
MVIS,2293,2158,135,0.062557924,107961,98526,9435,0.095761525,38.53322397,228.1857143,,ERR,ERR,ERR
EXE,2274,1839,435,0.236541599,151898,91193,60705,0.665676094,30.36573767,24.29233449,,ERR,ERR,ERR
VERU,2270,1498,772,0.515353805,32559,16663,15896,0.953969873,49.84512283,419.5842857,,ERR,ERR,ERR
OHI,2268,1545,723,0.467961165,35959,16591,19368,1.167379905,26.30545272,20.8256446,,,,
PLD,2266,1198,1068,0.89148581,66221,33506,32715,0.976392288,11.60137578,26.10383275,,,,
AFL,2262,1777,485,0.272931908,49093,33412,15681,0.469322399,19.56274715,18.27571429,,,,
ILMN,2252,870,1382,1.588505747,77108,62899,14209,0.225901843,26.51096202,46.73142857,,,,
HUMA,2248,1851,397,0.21447866,74452,56574,17878,0.316010888,20.74783099,115.0936237,,,,
SU,2235,1853,382,0.206152186,166459,84698,81761,0.965323857,13.66743305,25.37428571,,,,
S,2234,1754,480,0.273660205,187217,143956,43261,0.300515435,56.31389887,62.42285714,,ERR,ERR,ERR
AIG,2228,1290,938,0.727131783,131690,55349,76341,1.379266111,14.34988369,21.74142857,,,,
CRMD,2222,1892,330,0.174418605,42973,36575,6398,0.17492823,27.27853717,74.89846154,,,,
SYY,2209,2007,202,0.100647733,45949,31732,14217,0.448033531,14.10631068,18.76090592,,,,
EXPE,2185,1081,1104,1.021276596,60702,24115,36587,1.517188472,18.42223856,34.02571429,,,,
NGD,2171,2083,88,0.042246759,232840,205774,27066,0.131532652,40.20777514,55.83217582,,ERR,ERR,ERR
LNG,2166,1139,1027,0.90166813,77332,48991,28341,0.578494009,31.14750694,28.63310105,,ERR,ERR,ERR
PLCE,2161,1788,373,0.208612975,60642,44311,16331,0.368554084,30.83241002,134.6185714,,ERR,ERR,ERR
BKNG,2142,782,1360,1.739130435,39552,21563,17989,0.834253119,15.1873903,24.50428571,,,,
AZUL,2121,946,1175,1.242071882,175882,104465,71417,0.68364524,62.87179089,183.8690592,,ERR,ERR,ERR
OWL,2118,1380,738,0.534782609,121122,63187,57935,0.916881637,25.27710489,37.51947735,,,,
CPRT,2114,809,1305,1.613102596,37662,22818,14844,0.650539048,25.11715703,23.63738676,,,,
BLDR,2092,932,1160,1.244635193,38461,18648,19813,1.062473187,22.92808704,41.15073171,,,,
RBRK,2092,875,1217,1.390857143,37590,23803,13787,0.579212704,44.6169478,75.69324042,,ERR,ERR,ERR
STM,2091,1892,199,0.105179704,155548,86518,69030,0.797868652,14.21360351,36.75400697,,,,
DLO,2089,1732,357,0.206120092,140758,110648,30110,0.272124214,0.001,34.35972125,,,,
TSLZ,2075,1715,360,0.209912536,55170,51034,4136,0.08104401,11.74575173,129.1871429,,,,
CF,2065,1266,799,0.631121643,140291,78513,61778,0.786850585,21.04371524,28.69285714,,,,
APPS,2062,1819,243,0.133589885,64308,50185,14123,0.281418751,40.97169495,127.4880836,,ERR,ERR,ERR
SA,2043,1802,241,0.133740289,57115,44640,12475,0.279457885,10.13316787,40.50094077,,,,
DOCU,2034,1159,875,0.754961173,82988,46403,36585,0.788418852,72.67909652,57.70142857,,ERR,ERR,ERR
FMC,2031,1060,971,0.916037736,60410,33923,26487,0.780797689,12.46994062,34.51247387,,,,
SNDK,2029,1878,151,0.080404686,33524,29692,3832,0.129058332,6.75600146,53.40175824,,,,
KC,2023,1234,789,0.639384117,34539,22086,12453,0.563841347,22.61966386,86.67116883,,,,
OPTT,2020,1862,158,0.084854995,46179,42517,3662,0.086130254,10.87621516,163.2551948,,,,
MDLZ,1988,1046,942,0.900573614,127471,68245,59226,0.867843798,32.07377148,20.57714286,,ERR,ERR,ERR
VSAT,1967,952,1015,1.066176471,57581,35469,22112,0.623417632,55.27667867,87.89947735,,ERR,ERR,ERR
OGN,1955,1179,776,0.658184902,65008,43080,21928,0.5090065,53.50229412,52.38637363,,ERR,ERR,ERR
STEM,1948,474,1474,3.109704641,54991,48764,6227,0.127696661,14.48638265,140.1510476,,,,
CDNS,1928,1640,288,0.175609756,42346,21748,20598,0.947121574,4.840311224,26.89533101,,,,
CI,1924,1177,747,0.634664401,78999,52237,26762,0.512318854,42.79310345,29.09,,ERR,ERR,ERR
TER,1909,743,1166,1.569313594,113666,21729,91937,4.23107368,25.26494087,41.98170732,,,,
IAU,1905,1516,389,0.256596306,112917,66460,46457,0.699021968,67.42610837,22.24571429,,ERR,ERR,ERR
CHTR,1903,858,1045,1.217948718,45668,20382,25286,1.240604455,7.690697188,29.36857143,,,,
AAOI,1882,1311,571,0.435545385,72216,52441,19775,0.377090444,25.47976079,96.83428571,,,,
WB,1877,1810,67,0.037016575,72426,46771,25655,0.548523658,15.10711225,34.67,,,,
HIMX,1877,1087,790,0.726770929,103420,82911,20509,0.247361629,34.27144561,54.71682927,,ERR,ERR,ERR
ACN,1839,1033,806,0.780251694,73840,40433,33407,0.826231049,51.52591872,32.13285714,,ERR,ERR,ERR
MLCO,1832,1812,20,0.011037528,37926,30677,7249,0.236300812,3.531501982,53.01,,,,
GT,1820,987,833,0.843971631,144352,69394,74958,1.080179843,12.96271257,35.71376307,,,,
IBKR,1817,884,933,1.055429864,61432,35710,25722,0.720302436,22.66007408,34.6371777,,,,
BURL,1804,1490,314,0.210738255,41653,10698,30955,2.893531501,58.90610961,47.98857143,,ERR,ERR,ERR
D,1783,1301,482,0.370484243,112375,78309,34066,0.43502024,18.67008591,20.89529617,,,,
IRM,1781,917,864,0.942202835,55298,21446,33852,1.578476173,25.84141211,27.82285714,,,,
SHAK,1780,986,794,0.805273834,41152,21820,19332,0.885976169,10.44223531,37.86285714,,,,
FRO,1769,1177,592,0.502973662,65124,49889,15235,0.305377939,42.34938647,44.97274725,,ERR,ERR,ERR
CNC,1758,1325,433,0.326792453,56818,31367,25451,0.81139414,29.46085429,29.16857143,,,,
PR,1730,1149,581,0.505657093,98333,65511,32822,0.501015097,20.6820949,36.48195122,,,,
ESPR,1729,1727,2,0.001158078,57131,49197,7934,0.161269996,2.426249679,57.42142857,,,,
PBI,1714,913,801,0.877327492,98558,81103,17455,0.215220152,6.99121959,43.15142857,,,,
GXO,1701,1476,225,0.152439024,48026,29154,18872,0.647321122,16.9617494,32.8087108,,,,
FIVE,1701,833,868,1.042016807,42969,24449,18520,0.757495194,36.98147189,59.98163763,,ERR,ERR,ERR
CC,1696,994,702,0.706237425,41557,20895,20662,0.988849007,27.10296802,58.76428571,,,,
NTR,1684,1300,384,0.295384615,125427,65782,59645,0.906707002,9.304475502,24.13428571,,,,
CYTK,1674,1548,126,0.081395349,82818,68753,14065,0.204572891,5.287873182,37.86853659,,,,
BILL,1671,1172,499,0.425767918,78863,55948,22915,0.40957675,16.00413801,47.74428571,,,,
LNC,1657,1244,413,0.331993569,57962,34293,23669,0.690199166,10.88670878,30.06756098,,,,
HNST,1652,1215,437,0.359670782,32324,24205,8119,0.335426565,10.51231472,49.84494505,,,,
IQ,1649,1143,506,0.442694663,560465,163676,396789,2.424234463,8.406220748,75.48285714,,,,
TSN,1644,1313,331,0.25209444,86420,43291,43129,0.996257883,15.19686068,19.66240418,,,,
DXCM,1641,1087,554,0.509659614,127989,68844,59145,0.859116263,9.98423843,33.48714286,,,,
QSI,1641,1373,268,0.195193008,65513,51386,14127,0.274919239,11.4713261,114.9128571,,,,
RDFN,1640,923,717,0.776814735,145160,67776,77384,1.141761095,10.74136509,71.39142857,,,,
COR,1638,1475,163,0.110508475,43364,23165,20199,0.871962012,39.14212206,22.86526171,,ERR,ERR,ERR
KTOS,1633,1360,273,0.200735294,33891,24593,9298,0.378075062,16.78501133,38.85860627,,,,
SWKS,1631,674,957,1.419881306,87316,39629,47687,1.203335941,22.56716494,35.16487805,,,,
MTDR,1624,1221,403,0.33005733,64604,32204,32400,1.0060862,25.16727874,40.8354007,,,,
STNE,1619,1381,238,0.172338885,129496,83936,45560,0.54279451,5.064591675,37.70857143,,,,
DD,1607,363,1244,3.426997245,123668,65377,58291,0.891613258,24.75416553,27.25571429,,,,
CNQ,1602,1275,327,0.256470588,171631,107921,63710,0.59033923,19.41875356,28.62857143,,,,
RGLS,1588,115,1473,12.80869565,100246,12136,88110,7.260217535,0.389095668,23.57428571,,,,
PII,1572,1176,396,0.336734694,49627,25798,23829,0.923676254,46.26040978,60.77372822,,ERR,ERR,ERR
DNN,1562,1236,326,0.263754045,262015,235847,26168,0.110953288,36.25246543,62.34062718,,ERR,ERR,ERR
DBX,1556,924,632,0.683982684,71138,31864,39274,1.232550841,13.34707468,30.87,,,,
AU,1550,1245,305,0.24497992,121957,42811,79146,1.848730466,61.9164913,50.74069686,,ERR,ERR,ERR
DB,1544,1156,388,0.335640138,81520,44580,36940,0.828622701,31.99929788,30.44,,ERR,ERR,ERR
EIX,1538,1232,306,0.248376623,57699,36137,21562,0.596673769,20.39072039,28.59285714,,,,
VRTX,1538,1075,463,0.430697674,48218,29072,19146,0.658571822,31.55662493,29.01428571,,ERR,ERR,ERR
JEF,1535,1262,273,0.216323296,39068,28295,10773,0.380738646,25.16872374,35.62766551,,,,
OMF,1529,1293,236,0.182521268,38104,26617,11487,0.431566292,20.51626094,31.65333333,,,,
PGY,1528,472,1056,2.237288136,40386,28373,12013,0.423395482,52.20168242,72.38034843,,ERR,ERR,ERR
VUZI,1509,1452,57,0.039256198,41034,35077,5957,0.169826382,15.65470494,99.98028571,,,,
AMPX,1507,996,511,0.513052209,43720,40650,3070,0.075522755,25.9897242,102.8678397,,,,
KMB,1503,977,526,0.538382805,34604,24303,10301,0.423857137,23.80361574,17.38571429,,,,
SGRY,1494,1025,469,0.457560976,67225,49097,18128,0.369228262,48.80208624,64.68043956,,ERR,ERR,ERR
DLR,1493,964,529,0.548755187,59133,22110,37023,1.67449118,15.45554638,24.29714286,,,,
CART,1491,1035,456,0.44057971,63589,37566,26023,0.692727466,14.6304098,39.11,,,,
PZZA,1486,939,547,0.582534611,37594,27525,10069,0.365812897,32.71791089,47.12508711,,ERR,ERR,ERR
FITB,1478,898,580,0.645879733,65991,36107,29884,0.827651148,11.45902494,25.3758885,,,,
PSTG,1477,1054,423,0.401328273,68214,38187,30027,0.786314714,64.71717774,64.29773519,,ERR,ERR,ERR
HPP,1471,471,1000,2.123142251,111893,69989,41904,0.598722656,15.0947333,50.21439024,,,,
FLNC,1466,824,642,0.779126214,131419,59794,71625,1.197862662,43.45334882,89.17397213,,ERR,ERR,ERR
ACI,1455,458,997,2.176855895,102848,76730,26118,0.340388375,13.14311247,21.34714286,,,,
CTSH,1448,385,1063,2.761038961,85583,33894,51689,1.525019177,9.56205596,21.09867596,,,,
REGN,1447,673,774,1.150074294,42307,23073,19234,0.833615048,50.65758572,39,,ERR,ERR,ERR
AGL,1446,843,603,0.715302491,42914,27538,15376,0.558355727,33.00298664,95.94167247,,ERR,ERR,ERR
CLMT,1445,1303,142,0.108979279,158541,110987,47554,0.428464595,41.96592158,78.6,,ERR,ERR,ERR
AXON,1444,779,665,0.853658537,38076,17570,20506,1.167103017,18.27336955,32.95358885,,,,
PL,1443,1401,42,0.029978587,101705,90864,10841,0.119310178,35.27750576,85.75057143,,ERR,ERR,ERR
HAS,1437,723,714,0.987551867,43953,23521,20432,0.86867055,9.985204539,26.60170732,,,,
HRL,1376,1034,342,0.330754352,39226,28058,11168,0.398032647,41.32040466,30.16285714,,ERR,ERR,ERR
ZTS,1374,474,900,1.898734177,34008,20496,13512,0.659250585,33.13915302,28.63797909,,ERR,ERR,ERR
STWD,1372,826,546,0.661016949,139950,67366,72584,1.077457471,17.45828626,19.64132404,,,,
CME,1364,859,505,0.587892899,51668,32019,19649,0.613666885,16.92828747,18.29696864,,,,
BCE,1363,1120,243,0.216964286,121727,93419,28308,0.303021869,42.36779118,30.76738676,,ERR,ERR,ERR
DAN,1359,1036,323,0.311776062,70819,26047,44772,1.718892771,39.56187892,52.03626374,,ERR,ERR,ERR
ETN,1353,764,589,0.770942408,107220,68471,38749,0.565918418,12.58637563,26.88285714,,,,
BALL,1352,1199,153,0.127606339,40008,20093,19915,0.991141193,10.41057769,21.10902439,,,,
ERJ,1346,691,655,0.947901592,33512,24018,9494,0.395286868,22.58544074,37.43616725,,,,
EXK,1336,1207,129,0.106876553,78694,72321,6373,0.088121016,7.501715727,63.42958188,,,,
APH,1333,980,353,0.360204082,75120,49087,26033,0.530344083,20.8880023,27.61195122,,,,
AMT,1330,903,427,0.472868217,65062,41287,23775,0.575847119,26.24870906,25.41547038,,,,
ENB,1322,934,388,0.415417559,87709,51054,36655,0.717965292,14.25664176,15.96020906,,,,
ASAN,1313,423,890,2.104018913,60012,32052,27960,0.87233246,59.91233854,85.65142857,,ERR,ERR,ERR
NTAP,1309,1006,303,0.301192843,45427,24811,20616,0.830921769,55.8361816,45.37142857,,ERR,ERR,ERR
DFS,1308,578,730,1.262975779,47236,22987,24249,1.054900596,29.91659568,40.94285714,,,,
CNK,1291,451,840,1.862527716,111770,58801,52969,0.900818013,10.45147105,30.85163763,,,,
SNPS,1280,766,514,0.671018277,32057,16520,15537,0.940496368,33.76321668,38.07250871,,ERR,ERR,ERR
LBRT,1276,621,655,1.054750403,49821,31378,18443,0.5877685,51.54332601,52.25186813,,ERR,ERR,ERR
BGS,1274,1089,185,0.169880624,48884,22317,26567,1.190437783,79.24530525,65.23095238,,ERR,ERR,ERR
SONY,1253,977,276,0.282497441,91102,55482,35620,0.642010021,25.63121029,26.76142857,,,,
TROW,1246,701,545,0.77746077,55132,28874,26258,0.90939946,14.03678794,25.59581882,,,,
SBLK,1245,711,534,0.751054852,60240,42721,17519,0.410079352,44.16104768,43.68972125,,ERR,ERR,ERR
EQX,1233,906,327,0.360927152,108785,66986,41799,0.623996059,24.9267933,59.1471777,,,,
GD,1229,864,365,0.422453704,38232,23829,14403,0.604431575,17.50696323,19.61571429,,,,
EMR,1228,604,624,1.033112583,79114,45864,33250,0.724969475,22.35769975,24.43714286,,,,
SWK,1223,758,465,0.613456464,59452,33680,25772,0.7652019,22.9867231,35.08634146,,,,
TTI,1223,1222,1,0.000818331,41829,36597,5232,0.142962538,26.38164015,49.16504762,,,,
UAA,1221,733,488,0.665757162,381020,86107,294913,3.424959643,32.97564311,42.95236934,,ERR,ERR,ERR
NICE,1219,976,243,0.24897541,95001,70133,24868,0.354583434,28.64218047,36.29780488,,,,
AMKR,1217,349,868,2.487106017,96557,25366,71191,2.806552078,13.9314307,40.6025784,,,,
VTRS,1215,665,550,0.827067669,148337,114091,34246,0.300163904,14.2999244,27.83268293,,,,
SPHR,1192,545,647,1.187155963,31126,16478,14648,0.888942833,22.27838085,52.33662021,,,,
ICE,1189,943,246,0.260869565,49110,30526,18584,0.608792505,24.91498447,19.97055749,,,,
GPRO,1189,1104,85,0.076992754,51314,36663,14651,0.399612689,41.95654218,118.416381,,ERR,ERR,ERR
NVTS,1187,1083,104,0.096029548,61891,57053,4838,0.084798345,33.18456446,78.47853659,,ERR,ERR,ERR
TPR,1185,653,532,0.814701378,142960,82155,60805,0.740125373,22.83137962,34.01,,,,
MQ,1181,946,235,0.248414376,60764,53849,6915,0.128414641,4.272008191,34.56205575,,,,
PTLO,1175,962,213,0.221413721,49080,30938,18142,0.586398604,37.88017545,54.80578397,,ERR,ERR,ERR
PHM,1170,231,939,4.064935065,35233,14758,20475,1.387383114,18.5682121,33.00285714,,,,
GLNG,1161,995,166,0.166834171,100320,72738,27582,0.379196569,38.43013151,49.94751648,,ERR,ERR,ERR
NXPI,1157,548,609,1.111313869,45568,21750,23818,1.09508046,20.77112846,37.19714286,,,,
MPLX,1153,1010,143,0.141584158,104103,78556,25547,0.325207495,32.39207487,23.72219512,,ERR,ERR,ERR
ELV,1147,566,581,1.026501767,41106,23575,17531,0.743626723,65.8456017,35.28658537,,ERR,ERR,ERR
SAN,1138,1024,114,0.111328125,60039,36042,23997,0.665806559,14.48381727,25.9956044,,,,
SAND,1136,1006,130,0.129224652,78973,63001,15972,0.253519785,16.97621793,40.76114983,,,,
NE,1131,368,763,2.073369565,92453,54526,37927,0.695576422,47.62997541,56.71216028,,ERR,ERR,ERR
CTRA,1118,713,405,0.56802244,132582,77942,54640,0.701034102,33.63263765,27.70857143,,ERR,ERR,ERR
STNG,1117,790,327,0.413924051,63094,32616,30478,0.93444935,29.24817401,41.54062718,,,,
ASPN,1115,427,688,1.611241218,46337,31804,14533,0.4569551,16.645469,67.3,,,,
DDD,1114,1033,81,0.078412391,48756,29853,18903,0.633202693,22.57262395,82.48275261,,,,
SDGR,1112,1021,91,0.089128306,33917,27874,6043,0.216797015,72.61900016,84.84295238,,ERR,ERR,ERR
ALLY,1109,457,652,1.426695842,99876,42791,57085,1.334042205,14.51198391,31.62142857,,,,
NWL,1096,744,352,0.47311828,124502,78943,45559,0.5771126,17.61575088,48.86494774,,,,
EGO,1092,276,816,2.956521739,57290,39196,18094,0.461628738,38.6015702,39.36578755,,ERR,ERR,ERR
GERN,1086,1085,1,0.000921659,100358,88530,11828,0.133604428,12.585112,75.37958188,,,,
BBIO,1083,954,129,0.135220126,70509,50713,19796,0.390353558,0.26209048,40.54191638,,,,
PAGS,1080,958,122,0.127348643,64283,48390,15893,0.328435627,15.85784082,41.2189547,,,,
FLR,1078,779,299,0.383825417,92945,62771,30174,0.480699686,23.66665254,37.97982578,,,,
TMDX,1063,471,592,1.256900212,31500,21216,10284,0.484728507,0.974436444,46.76483516,,,,
DOCN,1063,722,341,0.472299169,53762,30706,23056,0.750863024,24.3850214,49.76752613,,,,
GFI,1062,586,476,0.812286689,100417,56159,44258,0.788083833,24.31212817,45.09195122,,,,
VICI,1052,628,424,0.675159236,56616,34094,22522,0.66058544,0.001,16.64710801,,,,
KDP,1034,815,219,0.268711656,75167,46735,28432,0.608366321,17.37999896,17.70560976,,,,
SVC,1031,1031,0,0,31268,29014,2254,0.077686634,19.95849198,65.1432967,,,,
CTAS,1025,394,631,1.601522843,33616,21492,12124,0.564116881,27.73822148,21.85714286,,,,
XIFR,1021,932,89,0.095493562,157810,64484,93326,1.447273742,0.001,44.58808362,,,,
HSBC,1017,591,426,0.720812183,86711,24269,62442,2.572911945,13.36169943,19.08142857,,,,
SPR,1006,16,990,61.875,42765,6951,35814,5.15235218,17.16924306,14.31501742,,,,
GGAL,982,877,105,0.11972634,48609,17557,31052,1.768639289,1.978855892,43.65738676,,,,
UPWK,967,762,205,0.269028871,34320,16351,17969,1.098954192,1.433824556,36.74745645,,,,
HLT,963,339,624,1.840707965,68947,32386,36561,1.128913728,12.1610288,23.38285714,,,,
FSM,958,541,417,0.770794824,94315,73041,21274,0.291261073,18.31409313,52.00724739,,,,
THC,957,214,743,3.471962617,34154,18085,16069,0.888526403,28.16579655,38.54634146,,,,
SNDL,955,925,30,0.032432432,110336,70738,39598,0.559783992,0.001,28.73857143,,,,
SPG,951,657,294,0.447488584,49666,25247,24419,0.967204024,14.28096699,23.44118467,,,,
TSCO,947,680,267,0.392647059,84259,44944,39315,0.874755251,15.03080253,25.46857143,,,,
PAYX,944,762,182,0.238845144,42671,21266,21405,1.006536255,11.84940198,18.62243902,,,,
GCT,944,760,184,0.242105263,36214,24531,11683,0.476254535,29.70184597,67.15867596,,,,
KOPN,928,701,227,0.32382311,33883,28126,5757,0.204686056,9.248663111,77.54009524,,,,
KBH,923,719,204,0.283727399,60099,29821,30278,1.015324771,19.54759036,33.75236934,,,,
JMIA,920,694,226,0.325648415,75411,60700,14711,0.242355848,7.355154568,81.37571429,,,,
SMG,919,477,442,0.926624738,41314,34798,6516,0.187252141,17.33941174,38.95466899,,,,
OPFI,917,614,303,0.493485342,34624,21292,13332,0.626150667,17.98926918,67.78228571,,,,
HCA,914,597,317,0.530988275,39912,22424,17488,0.779878701,15.71829522,24.39909408,,,,
OZK,912,247,665,2.692307692,34188,16222,17966,1.107508322,4.373439632,26.70069686,,,,
GOGO,909,738,171,0.231707317,38918,17967,20951,1.166082262,7.802439875,55.54811847,,,,
BBAR,909,876,33,0.037671233,34525,24008,10517,0.438062313,43.7878711,65.73142857,,ERR,ERR,ERR
NTNX,900,747,153,0.204819277,118001,87420,30581,0.349816976,62.31592104,53.03651568,,ERR,ERR,ERR
NKTR,893,886,7,0.007900677,44423,42226,2197,0.052029555,37.76687866,239.5888312,,ERR,ERR,ERR
NNOX,892,735,157,0.213605442,60669,38758,21911,0.565328448,0.001,62.938223,,,,
LEU,892,382,510,1.335078534,31270,18499,12771,0.690361641,30.06964295,69.73380952,,ERR,ERR,ERR
MAR,886,477,409,0.857442348,73737,41592,32145,0.772864974,16.8985539,24.69428571,,,,
APTV,880,419,461,1.100238663,35781,17111,18670,1.091110981,13.25498155,31.96027875,,,,
DRI,878,543,335,0.61694291,31247,13972,17275,1.236401374,50.08499137,30.48773519,,ERR,ERR,ERR
CM,864,508,356,0.700787402,34464,20389,14075,0.690323213,22.65128152,20.83641115,,,,
LPSN,857,856,1,0.001168224,52631,37668,14963,0.397233726,0.001,47.12770035,,,,
AVXL,853,649,204,0.314329738,57574,41860,15714,0.375394171,29.37091292,69.32909408,,,,
SYF,851,475,376,0.791578947,56386,28952,27434,0.947568389,14.08786282,32.52578397,,,,
K,843,578,265,0.458477509,38874,18443,20431,1.107791574,10.29725906,5.844912892,,,,
ACB,838,655,183,0.279389313,35755,24530,11225,0.457602935,10.53106972,82.87097561,,,,
ARLP,836,759,77,0.101449275,34957,23454,11503,0.49044939,0.001,19.56989011,,,,
VET,833,823,10,0.012150668,93520,84568,8952,0.105855643,18.50069604,42.53942857,,,,
HES,819,677,142,0.209748892,93268,20880,72388,3.466858238,24.48088635,27.61285714,,,,
BLK,818,514,304,0.591439689,36517,15370,21147,1.375862069,11.92529842,21.36428571,,,,
BEN,805,613,192,0.313213703,37270,25996,11274,0.433682105,7.650514017,24.09397213,,,,
INSM,804,511,293,0.573385519,68676,33188,35488,1.069302157,11.07998752,67.7958885,,,,
TRTX,801,801,0,0,43966,42499,1467,0.034518459,5.441912811,12.63940767,,,,
MT,799,420,379,0.902380952,97999,53264,44735,0.839873085,29.47171381,34.53,,,,
KD,772,359,413,1.150417827,35484,26587,8897,0.334637229,6.985603325,32.25829268,,,,
INVZ,770,696,74,0.106321839,122617,86750,35867,0.41345245,12.72850591,150.1179791,,,,
BAX,770,614,156,0.254071661,77522,60198,17324,0.287783647,24.99761534,29.90142857,,,,
ALGN,769,322,447,1.388198758,32600,11983,20617,1.720520738,17.18571707,39.18142857,,,,
MOMO,767,246,521,2.117886179,50971,39638,11333,0.285912508,33.64287006,52.88114286,,ERR,ERR,ERR
UL,757,656,101,0.153963415,32656,16783,15873,0.945778466,15.99486677,15.20519164,,,,
HBI,752,97,655,6.75257732,104800,77038,27762,0.360367611,16.92163945,46.79278746,,,,
ARVN,746,667,79,0.11844078,84690,74579,10111,0.135574357,25.40404828,95.80095238,,,,
POET,741,681,60,0.088105727,180939,173906,7033,0.040441388,3.718003718,64.75,,,,
AVDL,735,381,354,0.929133858,34781,30951,3830,0.123743982,5.162814373,34.87599303,,,,
BHC,730,325,405,1.246153846,167562,42182,125380,2.972357878,19.89886942,65.18428571,,,,
TKO,727,685,42,0.061313869,32436,17905,14531,0.811561016,22.80115108,32.09052265,,,,
PNC,724,221,503,2.2760181,34725,18186,16539,0.90943583,11.29521115,22.98285714,,,,
BMBL,723,208,515,2.475961538,83626,46856,36770,0.78474475,10.11081291,54.72285714,,,,
TD,721,531,190,0.357815443,71361,35926,35435,0.986333018,17.21233202,18.03916376,,,,
PACB,716,473,243,0.513742072,138642,106262,32380,0.304718526,4.108036373,94.18264808,,,,
WELL,708,459,249,0.54248366,31996,16294,15702,0.963667608,23.85828657,22.47850174,,,,
MODG,708,652,56,0.085889571,32701,13924,18777,1.348534904,36.2657751,59.52903061,,ERR,ERR,ERR
CSGP,707,607,100,0.164744646,47930,34989,12941,0.369859099,19.31330132,29.88463415,,,,
DQ,705,92,613,6.663043478,43579,20568,23011,1.118776741,11.49880163,58.40142857,,,,
EXAS,691,334,357,1.068862275,38829,20582,18247,0.886551356,14.97869852,45.71515679,,,,
REPL,690,562,128,0.227758007,38443,18231,20212,1.108661072,52.68951006,183.7598701,,ERR,ERR,ERR
XRX,678,306,372,1.215686275,170833,61488,109345,1.778314468,51.91965282,73.92916484,,ERR,ERR,ERR
OPK,674,673,1,0.001485884,107973,100392,7581,0.075513985,20.28259576,51.60989547,,,,
GES,673,524,149,0.284351145,69128,13254,55874,4.215633016,39.85787098,54.77704762,,ERR,ERR,ERR
PSEC,668,532,136,0.255639098,49349,23058,26291,1.14021164,9.910676219,26.92672474,,,,
NG,667,468,199,0.425213675,31325,24117,7208,0.298876311,55.64040806,80.17274725,,ERR,ERR,ERR
CNX,659,398,261,0.655778894,35485,29995,5490,0.183030505,25.11794508,31.64971429,,,,
VAL,658,233,425,1.824034335,63184,31284,31900,1.019690577,33.33014539,51.0310989,,ERR,ERR,ERR
AM,657,455,202,0.443956044,75097,44358,30739,0.692975337,24.11384747,22.64296167,,,,
NDAQ,647,234,413,1.764957265,31214,17064,14150,0.82923113,19.1764473,23.03337979,,,,
CMA,639,494,145,0.293522267,60286,42808,17478,0.40828817,14.7425035,31.78714286,,,,
NOG,636,244,392,1.606557377,36586,22681,13905,0.613068207,31.39197807,38.06486322,,ERR,ERR,ERR
FE,633,396,237,0.598484848,56044,35909,20135,0.560722939,16.8870311,17.50049587,,,,
BCRX,631,217,414,1.907834101,34038,26176,7862,0.300351467,16.6447982,42.46170732,,,,
NVS,629,213,416,1.953051643,54893,24901,29992,1.20444962,23.35284816,20.37351916,,,,
AMBC,627,459,168,0.366013072,86659,78353,8306,0.106007428,58.02466487,81.10923345,,ERR,ERR,ERR
SN,620,536,84,0.156716418,31067,20719,10348,0.499444954,21.94909603,40.89714286,,,,
COMP,620,505,115,0.227722772,36168,29279,6889,0.23528809,22.59196034,59.22142857,,,,
AEHR,618,490,128,0.26122449,44075,26776,17299,0.646063639,0.001,62.8328223,,,,
ABEO,610,353,257,0.728045326,35317,31558,3759,0.119114012,24.11185596,93.82252747,,,,
LW,610,462,148,0.32034632,84725,48371,36354,0.751566021,26.42256089,34.92815331,,,,
PTEN,609,379,230,0.606860158,84321,47125,37196,0.78930504,37.79555603,56.75059233,,ERR,ERR,ERR
PBF,607,141,466,3.304964539,77894,35314,42580,1.205754092,29.54705343,57.68738462,,,,
SRE,606,178,428,2.404494382,60047,41103,18944,0.460890933,13.43331532,18.16104762,,,,
BXMT,601,471,130,0.276008493,70733,22412,48321,2.156032483,15.80044802,23.341777,,,,
MNKD,601,392,209,0.533163265,46941,44619,2322,0.052040611,63.553945,145.0957143,,ERR,ERR,ERR
TRVI,592,591,1,0.001692047,55666,51046,4620,0.090506602,18.52184212,157.4804762,,,,
CLNE,582,447,135,0.302013423,38660,36262,2398,0.066129833,4.182068151,52.79352381,,,,
PWR,577,369,208,0.563685637,35739,18986,16753,0.882387022,12.76939902,29.508223,,,,
LOGC,576,482,94,0.195020747,40876,34608,6268,0.181114193,24.43294348,43.48457143,,,,
GOSS,574,433,141,0.325635104,42778,41648,1130,0.027132155,23.81961885,107.6177143,,,,
UWMC,563,372,191,0.51344086,114800,93011,21789,0.234262614,26.81204806,58.22285714,,,,
AVTR,562,272,290,1.066176471,49079,35193,13886,0.394567101,35.96665007,36.40365854,,ERR,ERR,ERR
AMTM,559,484,75,0.154958678,44539,31017,13522,0.435954477,3.158287705,47.3371777,,,,
NOV,545,419,126,0.30071599,59966,44242,15724,0.355408887,16.52270912,37.40904762,,,,
UNIT,541,233,308,1.321888412,59938,41927,18011,0.429579984,0.001,21.90114983,,,,
NAT,539,480,59,0.122916667,47066,37532,9534,0.254023234,4.430911117,21.8241115,,,,
ALLT,527,526,1,0.001901141,43339,24241,19098,0.787838786,29.55822561,69.87307692,,,,
BLNK,519,456,63,0.138157895,62558,53411,9147,0.171256857,9.590192405,137.6709524,,,,
BG,519,292,227,0.77739726,45692,21448,24244,1.130361805,19.59713573,27.22780952,,,,
DNUT,502,382,120,0.314136126,58508,53423,5085,0.095183722,25.02272408,70.68714286,,,,
TAL,491,369,122,0.330623306,106855,74833,32022,0.427912819,18.17254721,54.29285714,,,,
YUM,483,368,115,0.3125,44740,24620,20120,0.817221771,29.53081171,21.39003484,,,,
CENX,482,285,197,0.69122807,40968,23449,17519,0.747110751,22.28809713,63.39428571,,,,
NNDM,479,475,4,0.008421053,120021,56914,63107,1.108813297,30.82619611,61.34449477,,ERR,ERR,ERR
UDN,476,467,9,0.019271949,54210,52854,1356,0.02565558,12.60268101,10.20019048,,,,
SVM,475,250,225,0.9,31503,28092,3411,0.121422469,51.73584401,139.6307619,,ERR,ERR,ERR
TDS,464,174,290,1.666666667,56957,26624,30333,1.139310397,28.45983978,46.84761905,,,,
ALMS,463,94,369,3.925531915,39939,37078,2861,0.077161659,0.001,74.98733333,,,,
RVPH,455,444,11,0.024774775,64114,54843,9271,0.169046186,9.894620678,111.954,,,,
SABR,450,427,23,0.053864169,249349,107476,141873,1.320043545,19.07814791,58.35522648,,,,
EU,450,428,22,0.051401869,49524,47275,2249,0.047572713,34.32029353,76.56104762,,ERR,ERR,ERR
DT,444,339,105,0.309734513,45435,29727,15708,0.528408518,14.95732762,26.98571429,,,,
LYV,437,316,121,0.382911392,76100,36002,40098,1.113771457,46.67587388,41.41616725,,ERR,ERR,ERR
CE,433,271,162,0.597785978,33834,20076,13758,0.685295876,34.25558011,50.97054945,,ERR,ERR,ERR
MGA,428,210,218,1.038095238,170604,83753,86851,1.03698972,22.13606884,29.0469338,,,,
STT,424,218,206,0.944954128,32661,16986,15675,0.922818792,11.0635041,23.33515679,,,,
SLG,423,305,118,0.386885246,47046,22561,24485,1.085279908,5.617134157,31.6145993,,,,
VFS,412,161,251,1.559006211,57671,27548,30123,1.09347321,10.57642599,77.57714286,,,,
LITE,407,319,88,0.275862069,43581,25107,18474,0.73581073,18.67083688,52.80853659,,,,
TDW,406,226,180,0.796460177,31292,15378,15914,1.034854988,24.3239538,50.27247387,,,,
AMCR,405,360,45,0.125,97583,84966,12617,0.148494692,23.58323231,20.83057143,,,,
INDI,396,386,10,0.025906736,87420,57869,29551,0.510653372,18.12922283,72.66059233,,,,
ASTL,383,192,191,0.994791667,67396,42226,25170,0.596078246,60.07690549,82.21447619,,ERR,ERR,ERR
ROIV,379,331,48,0.145015106,72472,57425,15047,0.262028733,34.08732978,39.42926829,,ERR,ERR,ERR
MREO,377,205,172,0.83902439,35607,28968,6639,0.229183927,26.06806487,138.0017582,,,,
CFG,375,286,89,0.311188811,51574,29703,21871,0.73632293,9.318458231,27.18599303,,,,
OVV,373,280,93,0.332142857,40235,22642,17593,0.777007332,29.3783269,40.43337979,,,,
GALT,371,318,53,0.166666667,31855,28860,2995,0.103776854,9.508957348,120.8710476,,,,
GH,371,188,183,0.973404255,45053,21431,23622,1.10223508,15.73857111,55.26616725,,,,
CRNT,368,358,10,0.027932961,47682,37623,10059,0.267363049,14.13508335,37.14362637,,,,
DINO,364,202,162,0.801980198,42455,21682,20773,0.958075823,23.35356508,38.24733333,,,,
BMRN,355,296,59,0.199324324,31577,16680,14897,0.893105516,25.42883536,31.2154007,,,,
PPL,354,204,150,0.735294118,41197,25658,15539,0.60562008,28.25580055,18.19226481,,,,
ADT,349,315,34,0.107936508,46594,20926,25668,1.226608047,0.001,23.94298701,,,,
YUMC,349,341,8,0.023460411,51897,33991,17906,0.526786502,14.83025763,30.21648084,,,,
AMPY,345,342,3,0.00877193,31184,28621,2563,0.089549631,31.52654185,58.52533333,,ERR,ERR,ERR
LEVI,342,125,217,1.736,98908,22670,76238,3.362946625,6.61611184,34.79205575,,,,
CRON,336,264,72,0.272727273,130842,115737,15105,0.130511418,6.981858769,45.65094077,,,,
CIEN,327,110,217,1.972727273,37948,26966,10982,0.407253579,51.89281026,55.65905923,,ERR,ERR,ERR
HASI,320,265,55,0.20754717,31500,9587,21913,2.285699385,0.001,30.77438095,,,,
ARWR,319,151,168,1.112582781,32950,13746,19204,1.397060963,30.95298223,55.71483516,,ERR,ERR,ERR
ERIC,312,145,167,1.151724138,36752,20259,16493,0.81410731,11.56418443,20.66371429,,,,
REAL,312,249,63,0.253012048,56578,30472,26106,0.856720924,47.58278703,76.49926829,,ERR,ERR,ERR
ABUS,311,311,0,0,32098,25442,6656,0.261614653,9.956590116,59.00550523,,,,
HDB,311,193,118,0.611398964,34543,25923,8620,0.332523242,14.76716073,21.38371429,,,,
CWH,310,213,97,0.455399061,59962,53538,6424,0.11998954,16.13828495,49.87303136,,,,
EYE,309,237,72,0.303797468,83482,70106,13376,0.190796793,25.63022635,44.51942857,,,,
ACMR,308,199,109,0.547738693,44682,20664,24018,1.162311266,15.26521915,59.17989547,,,,
INFY,307,262,45,0.171755725,50482,14860,35622,2.39717362,25.00953392,24.81780488,,,,
DBI,304,258,46,0.178294574,49511,46740,2771,0.059285409,60.32335716,97.84836237,,ERR,ERR,ERR
CNH,303,225,78,0.346666667,58965,48279,10686,0.22133847,6.274681979,17.92292683,,,,
CP,301,112,189,1.6875,36365,23807,12558,0.527491914,8.010407069,20.60188153,,,,
QSR,288,226,62,0.274336283,31014,20509,10505,0.51221415,16.28540589,22.50317073,,,,
IVZ,280,167,113,0.676646707,41466,25917,15549,0.599953698,26.03123286,34.14285714,,,,
ETR,279,157,122,0.777070064,36950,15151,21799,1.438782919,31.4168322,22.80153846,,ERR,ERR,ERR
WSC,264,247,17,0.068825911,49300,36981,12319,0.333117006,32.20149392,42.76888502,,ERR,ERR,ERR
CIA,251,76,175,2.302631579,33682,318,33364,104.918239,26.94094755,117.2803896,,,,
UGI,250,146,104,0.712328767,43841,14479,29362,2.027902479,1.470432168,21.86628571,,,,
NOVA,250,104,146,1.403846154,190305,122092,68213,0.558701635,68.30587133,434.9049129,,ERR,ERR,ERR
BOX,245,224,21,0.09375,33956,26494,7462,0.281648675,72.49683977,38.92261324,,ERR,ERR,ERR
AUPH,244,202,42,0.207920792,40097,30913,9184,0.297091838,3.853215862,38.37337979,,,,
BYD,238,103,135,1.310679612,31429,16520,14909,0.90248184,7.469145326,23.22657143,,,,
GOGL,236,180,56,0.311111111,42529,36891,5638,0.152828603,19.25592077,40.41967033,,,,
YMM,229,220,9,0.040909091,69927,26462,43465,1.642544025,23.42191299,51.02626374,,,,
CDLX,222,170,52,0.305882353,32386,26923,5463,0.202912008,24.09427783,95.23390476,,,,
HMC,220,158,62,0.392405063,48332,25558,22774,0.891071289,5.28488444,22.36533333,,,,
SHLS,220,206,14,0.067961165,77486,73044,4442,0.060812661,14.15382792,71.70491289,,,,
APLS,219,151,68,0.450331126,47372,37926,9446,0.249063967,33.49463545,64.32919861,,ERR,ERR,ERR
ZTO,219,85,134,1.576470588,31728,15595,16133,1.034498237,61.18556429,44.14090592,,ERR,ERR,ERR
WAL,218,176,42,0.238636364,32026,24282,7744,0.318919364,9.252747253,36.16562637,,,,
AMED,208,0,208,20800,32760,1850,30910,16.70810811,0.001,7.313240418,,,,
PRMB,208,168,40,0.238095238,55343,50740,4603,0.090717383,3.207207989,28.0958885,,,,
GEL,203,4,199,49.75,34143,27066,7077,0.261471957,34.87851992,32.8178022,,ERR,ERR,ERR
SMTC,197,99,98,0.98989899,46782,20503,26279,1.281714871,49.79872339,79.11041812,,ERR,ERR,ERR
HUYA,188,180,8,0.044444444,179480,14095,165385,11.73359347,19.25490221,74.76838095,,,,
KVYO,173,96,77,0.802083333,44970,23532,21438,0.911014788,24.9064639,51.00704762,,,,
IMPP,165,165,0,0,35097,28645,6452,0.225240007,8.904065961,57.17285714,,,,
CX,155,124,31,0.25,31400,26829,4571,0.17037534,66.19916081,87.82038095,,ERR,ERR,ERR
BBD,141,120,21,0.175,213666,115705,97961,0.846644484,13.69569263,31.72017422,,,,
JBL,140,74,66,0.891891892,33123,19111,14012,0.733190309,37.63489022,39.60808362,,ERR,ERR,ERR
CAMT,138,112,26,0.232142857,31916,25886,6030,0.232944449,14.38743719,49.54982578,,,,
XPOF,134,125,9,0.072,36581,30495,6086,0.199573701,44.20473773,75.88,,ERR,ERR,ERR
MUX,132,103,29,0.281553398,32956,22862,10094,0.441518677,26.18706264,50.03485714,,,,
TSEM,124,99,25,0.252525253,63352,58883,4469,0.075896269,29.76544891,38.61832753,,,,
ABEV,114,94,20,0.212765957,87886,54987,32899,0.598305054,3.784646683,28.80087108,,,,
TE,102,32,70,2.1875,35781,27437,8344,0.304114881,0.070352377,95.69028571,,,,
LRMR,98,98,0,0,63175,62730,445,0.007093894,2.072251912,62.82263736,,,,
WMG,97,66,31,0.46969697,31276,27739,3537,0.127510004,17.62018597,25.12170732,,,,
NTGR,97,81,16,0.197530864,40457,30402,10055,0.33073482,36.24521546,53.74626374,,ERR,ERR,ERR
MUB,89,67,22,0.328358209,65103,36435,28668,0.786825854,21.97983348,6.194425087,,,,
SEAT,89,33,56,1.696969697,67843,67005,838,0.012506529,25.24043377,64.46241758,,,,
SSYS,88,77,11,0.142857143,60990,28868,32122,1.112719967,4.840721848,33.72752381,,,,
UMC,80,64,16,0.25,59274,33316,25958,0.779145155,19.28779023,32.99156794,,,,
PMT,80,27,53,1.962962963,44229,11931,32298,2.707065627,32.78277489,32.75390476,,ERR,ERR,ERR
IHRT,67,65,2,0.030769231,39407,1685,37722,22.38694362,17.31765396,132.3782857,,,,
ALIT,53,50,3,0.06,70993,53386,17607,0.329805567,25.01505059,38.23574913,,,,
SID,34,32,2,0.0625,37511,20354,17157,0.842930137,4.649858949,48.77428571,,,,
HRTX,30,30,0,0,51353,50904,449,0.008820525,20.25672815,91.57703297,,,,
AHCO,21,21,0,0,165059,72634,92425,1.2724757,27.19991508,46.75090592,,,,
PPH,14,7,7,1,31441,627,30814,49.14513557,51.36071429,21.86657143,,ERR,ERR,ERR
DNB,4,4,0,0,34720,32700,2020,0.0617737,0.001,8.084,,,,
